images,pilltype_id,label_code_id,prod_code_id,is_ref,is_front,is_new,image_path,label
10.jpg,00093-0148-01_4629A34D,93,148,False,False,False,fcn_mix_weight/dc_224/10.jpg,00093-0148-01_4629A34D
1007.jpg,47335-0894-81_7F1DBFBD,47335,894,False,True,False,fcn_mix_weight/dc_224/1007.jpg,47335-0894-81_7F1DBFBD
1011.jpg,00555-0572-35_1B2B8DCC,555,572,False,False,False,fcn_mix_weight/dc_224/1011.jpg,00555-0572-35_1B2B8DCC
1013.jpg,00093-0028-01_6A29B54D,93,28,False,False,False,fcn_mix_weight/dc_224/1013.jpg,00093-0028-01_6A29B54D
1021.jpg,64679-0936-03_7E05BF4D,64679,936,False,False,False,fcn_mix_weight/dc_224/1021.jpg,64679-0936-03_7E05BF4D
1033.jpg,63304-0553-05_D015681B,63304,553,False,False,False,fcn_mix_weight/dc_224/1033.jpg,63304-0553-05_D015681B
1039.jpg,00093-4069-01_E126F0B7,93,4069,False,True,False,fcn_mix_weight/dc_224/1039.jpg,00093-4069-01_E126F0B7
1064.jpg,00093-7386-56_092F84AC,93,7386,False,False,False,fcn_mix_weight/dc_224/1064.jpg,00093-7386-56_092F84AC
1066.jpg,00007-4882-13_E118F097,7,4882,False,False,False,fcn_mix_weight/dc_224/1066.jpg,00007-4882-13_E118F097
1072.jpg,00555-0869-02_B32F59EA,555,869,False,False,False,fcn_mix_weight/dc_224/1072.jpg,00555-0869-02_B32F59EA
1074.jpg,50111-0852-01_7B303DB1,50111,852,False,True,False,fcn_mix_weight/dc_224/1074.jpg,50111-0852-01_7B303DB1
108.jpg,00093-7180-01_482BA47D,93,7180,False,True,False,fcn_mix_weight/dc_224/108.jpg,00093-7180-01_482BA47D
1080.jpg,00093-8035-01_DC266E63,93,8035,False,True,False,fcn_mix_weight/dc_224/1080.jpg,00093-8035-01_DC266E63
11.jpg,00093-5207-01_782BBC1D,93,5207,False,False,False,fcn_mix_weight/dc_224/11.jpg,00093-5207-01_782BBC1D
1102.jpg,00591-0406-01_5C21AE6D,591,406,False,False,False,fcn_mix_weight/dc_224/1102.jpg,00591-0406-01_5C21AE6D
1103.jpg,00093-0012-98_4D29A6AD,93,12,False,False,False,fcn_mix_weight/dc_224/1103.jpg,00093-0012-98_4D29A6AD
1112.jpg,00093-2047-56_EA29752B,93,2047,False,False,False,fcn_mix_weight/dc_224/1112.jpg,00093-2047-56_EA29752B
1121.jpg,00093-4405-01_072D838C,93,4405,False,False,False,fcn_mix_weight/dc_224/1121.jpg,00093-4405-01_072D838C
1127.jpg,50111-0483-01_333019E0,50111,483,False,True,False,fcn_mix_weight/dc_224/1127.jpg,50111-0483-01_333019E0
1128.jpg,00093-7493-06_DB2FEDDF,93,7493,False,True,False,fcn_mix_weight/dc_224/1128.jpg,00093-7493-06_DB2FEDDF
1130.jpg,00093-7485-20_C73063F3,93,7485,False,False,False,fcn_mix_weight/dc_224/1130.jpg,00093-7485-20_C73063F3
1133.jpg,53489-0105-01_3D269EF4,53489,105,False,True,False,fcn_mix_weight/dc_224/1133.jpg,53489-0105-01_3D269EF4
1135.jpg,50111-0470-01_FB2FFDFF,50111,470,False,False,False,fcn_mix_weight/dc_224/1135.jpg,50111-0470-01_FB2FFDFF
114.jpg,50111-0471-01_18300C00,50111,471,False,True,False,fcn_mix_weight/dc_224/114.jpg,50111-0471-01_18300C00
1157.jpg,00591-2473-19_F11D78AB,591,2473,False,True,False,fcn_mix_weight/dc_224/1157.jpg,00591-2473-19_F11D78AB
1182.jpg,65580-0304-03_011280A4,65580,304,False,True,False,fcn_mix_weight/dc_224/1182.jpg,65580-0304-03_011280A4
1188.jpg,00378-1803-01_2A23950C,378,1803,False,True,False,fcn_mix_weight/dc_224/1188.jpg,00378-1803-01_2A23950C
1190.jpg,00007-4882-13_E118F097,7,4882,False,True,False,fcn_mix_weight/dc_224/1190.jpg,00007-4882-13_E118F097
1191.jpg,00093-5112-98_4E2D2719,93,5112,False,False,False,fcn_mix_weight/dc_224/1191.jpg,00093-5112-98_4E2D2719
1202.jpg,50111-0852-01_7B303DB1,50111,852,False,False,False,fcn_mix_weight/dc_224/1202.jpg,50111-0852-01_7B303DB1
1218.jpg,00186-1090-05_0D1D86EC,186,1090,False,True,False,fcn_mix_weight/dc_224/1218.jpg,00186-1090-05_0D1D86EC
1234.jpg,00143-1425-01_B12658A2,143,1425,False,True,False,fcn_mix_weight/dc_224/1234.jpg,00143-1425-01_B12658A2
1235.jpg,00378-6232-01_70213849,378,6232,False,False,False,fcn_mix_weight/dc_224/1235.jpg,00378-6232-01_70213849
1249.jpg,00093-4443-01_9E2D4F0A,93,4443,False,False,False,fcn_mix_weight/dc_224/1249.jpg,00093-4443-01_9E2D4F0A
126.jpg,51285-0697-02_8E2F475A,51285,697,False,False,False,fcn_mix_weight/dc_224/126.jpg,51285-0697-02_8E2F475A
1263.jpg,00093-5710-01_3F2B9FCC,93,5710,False,True,False,fcn_mix_weight/dc_224/1263.jpg,00093-5710-01_3F2B9FCC
1271.jpg,00555-9034-58_6D2FB6BD,555,9034,False,False,False,fcn_mix_weight/dc_224/1271.jpg,00555-9034-58_6D2FB6BD
1280.jpg,00093-0221-06_9F294FDA,93,221,False,False,False,fcn_mix_weight/dc_224/1280.jpg,00093-0221-06_9F294FDA
1281.jpg,00093-0012-98_4D29A6AD,93,12,False,True,False,fcn_mix_weight/dc_224/1281.jpg,00093-0012-98_4D29A6AD
1282.jpg,00093-7146-18_5D242E91,93,7146,False,True,False,fcn_mix_weight/dc_224/1282.jpg,00093-7146-18_5D242E91
129.jpg,00555-0835-02_CA2F655B,555,835,False,False,False,fcn_mix_weight/dc_224/129.jpg,00555-0835-02_CA2F655B
1299.jpg,00093-0148-01_4629A34D,93,148,False,False,False,fcn_mix_weight/dc_224/1299.jpg,00093-0148-01_4629A34D
1305.jpg,00093-5852-01_512BA8FD,93,5852,False,False,False,fcn_mix_weight/dc_224/1305.jpg,00093-5852-01_512BA8FD
1306.jpg,65580-0304-03_011280A4,65580,304,False,False,False,fcn_mix_weight/dc_224/1306.jpg,65580-0304-03_011280A4
1308.jpg,00555-0835-02_CA2F655B,555,835,False,False,False,fcn_mix_weight/dc_224/1308.jpg,00555-0835-02_CA2F655B
131.jpg,00591-0302-01_8D2046C2,591,302,False,False,False,fcn_mix_weight/dc_224/131.jpg,00591-0302-01_8D2046C2
1313.jpg,00093-7214-98_C929E4EF,93,7214,False,True,False,fcn_mix_weight/dc_224/1313.jpg,00093-7214-98_C929E4EF
1318.jpg,00591-5335-01_501DA84D,591,5335,False,False,False,fcn_mix_weight/dc_224/1318.jpg,00591-5335-01_501DA84D
1333.jpg,00093-7256-01_EA267553,93,7256,False,False,False,fcn_mix_weight/dc_224/1333.jpg,00093-7256-01_EA267553
1335.jpg,00093-5852-01_512BA8FD,93,5852,False,True,False,fcn_mix_weight/dc_224/1335.jpg,00093-5852-01_512BA8FD
134.jpg,00093-5207-01_782BBC1D,93,5207,False,False,False,fcn_mix_weight/dc_224/134.jpg,00093-5207-01_782BBC1D
1342.jpg,00093-3165-01_19270CA8,93,3165,False,False,False,fcn_mix_weight/dc_224/1342.jpg,00093-3165-01_19270CA8
1347.jpg,00093-5213-01_632BB1FD,93,5213,False,True,False,fcn_mix_weight/dc_224/1347.jpg,00093-5213-01_632BB1FD
1354.jpg,00093-7157-06_4D2BA68D,93,7157,False,False,False,fcn_mix_weight/dc_224/1354.jpg,00093-7157-06_4D2BA68D
1357.jpg,00093-0734-01_6C2B3609,93,734,False,True,False,fcn_mix_weight/dc_224/1357.jpg,00093-0734-01_6C2B3609
1358.jpg,00555-9009-42_E52F72DB,555,9009,False,False,False,fcn_mix_weight/dc_224/1358.jpg,00555-9009-42_E52F72DB
1359.jpg,00093-5061-01_7C2D3E29,93,5061,False,True,False,fcn_mix_weight/dc_224/1359.jpg,00093-5061-01_7C2D3E29
1377.jpg,00093-7493-06_DB2FEDDF,93,7493,False,False,False,fcn_mix_weight/dc_224/1377.jpg,00093-7493-06_DB2FEDDF
1384.jpg,55111-0196-90_701DB86D,55111,196,False,False,False,fcn_mix_weight/dc_224/1384.jpg,55111-0196-90_701DB86D
1387.jpg,51672-4033-01_A72653F2,51672,4033,False,False,False,fcn_mix_weight/dc_224/1387.jpg,51672-4033-01_A72653F2
1394.jpg,00093-2075-01_C326E187,93,2075,False,True,False,fcn_mix_weight/dc_224/1394.jpg,00093-2075-01_C326E187
14.jpg,00093-4069-01_E126F0B7,93,4069,False,True,False,fcn_mix_weight/dc_224/14.jpg,00093-4069-01_E126F0B7
1401.jpg,00093-4405-01_072D838C,93,4405,False,True,False,fcn_mix_weight/dc_224/1401.jpg,00093-4405-01_072D838C
1404.jpg,00093-7157-06_4D2BA68D,93,7157,False,False,False,fcn_mix_weight/dc_224/1404.jpg,00093-7157-06_4D2BA68D
1405.jpg,00143-1268-01_7321B9DD,143,1268,False,True,False,fcn_mix_weight/dc_224/1405.jpg,00143-1268-01_7321B9DD
1408.jpg,00093-7146-18_5D242E91,93,7146,False,True,False,fcn_mix_weight/dc_224/1408.jpg,00093-7146-18_5D242E91
1411.jpg,00093-4741-01_F42D7A5B,93,4741,False,True,False,fcn_mix_weight/dc_224/1411.jpg,00093-4741-01_F42D7A5B
1413.jpg,00093-4237-01_2B2D958C,93,4237,False,False,False,fcn_mix_weight/dc_224/1413.jpg,00093-4237-01_2B2D958C
1414.jpg,68012-0104-30_EE1DF76F,68012,104,False,True,False,fcn_mix_weight/dc_224/1414.jpg,68012-0104-30_EE1DF76F
1424.jpg,52544-0913-01_AB1B558A,52544,913,False,False,False,fcn_mix_weight/dc_224/1424.jpg,52544-0913-01_AB1B558A
1435.jpg,00143-1268-01_7321B9DD,143,1268,False,True,False,fcn_mix_weight/dc_224/1435.jpg,00143-1268-01_7321B9DD
1444.jpg,00591-0302-01_8D2046C2,591,302,False,False,False,fcn_mix_weight/dc_224/1444.jpg,00591-0302-01_8D2046C2
145.jpg,54092-0517-02_D715EBBF,54092,517,False,False,False,fcn_mix_weight/dc_224/145.jpg,54092-0517-02_D715EBBF
1452.jpg,00781-1486-01_16240B50,781,1486,False,True,False,fcn_mix_weight/dc_224/1452.jpg,00781-1486-01_16240B50
1457.jpg,00555-0835-02_CA2F655B,555,835,False,True,False,fcn_mix_weight/dc_224/1457.jpg,00555-0835-02_CA2F655B
1462.jpg,00007-4882-13_E118F097,7,4882,False,False,False,fcn_mix_weight/dc_224/1462.jpg,00007-4882-13_E118F097
1466.jpg,65580-0304-03_011280A4,65580,304,False,False,False,fcn_mix_weight/dc_224/1466.jpg,65580-0304-03_011280A4
1474.jpg,00781-1486-01_16240B50,781,1486,False,True,False,fcn_mix_weight/dc_224/1474.jpg,00781-1486-01_16240B50
1486.jpg,00378-1809-01_5623AB5D,378,1809,False,False,False,fcn_mix_weight/dc_224/1486.jpg,00378-1809-01_5623AB5D
1491.jpg,00093-5852-01_512BA8FD,93,5852,False,False,False,fcn_mix_weight/dc_224/1491.jpg,00093-5852-01_512BA8FD
1498.jpg,00093-2929-01_E52972BB,93,2929,False,True,False,fcn_mix_weight/dc_224/1498.jpg,00093-2929-01_E52972BB
1513.jpg,00009-7663-04_FD12FEA7,9,7663,False,True,False,fcn_mix_weight/dc_224/1513.jpg,00009-7663-04_FD12FEA7
1520.jpg,00093-5213-01_632BB1FD,93,5213,False,True,False,fcn_mix_weight/dc_224/1520.jpg,00093-5213-01_632BB1FD
1524.jpg,63459-0416-30_8F2D47EA,63459,416,False,False,False,fcn_mix_weight/dc_224/1524.jpg,63459-0416-30_8F2D47EA
1529.jpg,50111-0323-01_AA2F556A,50111,323,False,True,False,fcn_mix_weight/dc_224/1529.jpg,50111-0323-01_AA2F556A
1534.jpg,00093-3147-01_C51962CB,93,3147,False,True,False,fcn_mix_weight/dc_224/1534.jpg,00093-3147-01_C51962CB
1542.jpg,00186-1090-05_0D1D86EC,186,1090,False,True,False,fcn_mix_weight/dc_224/1542.jpg,00186-1090-05_0D1D86EC
1548.jpg,00378-0218-01_BF205FB2,378,218,False,True,False,fcn_mix_weight/dc_224/1548.jpg,00378-0218-01_BF205FB2
1555.jpg,00009-7663-04_FD12FEA7,9,7663,False,False,False,fcn_mix_weight/dc_224/1555.jpg,00009-7663-04_FD12FEA7
1556.jpg,00093-0221-06_9F294FDA,93,221,False,True,False,fcn_mix_weight/dc_224/1556.jpg,00093-0221-06_9F294FDA
1563.jpg,50111-0471-01_18300C00,50111,471,False,False,False,fcn_mix_weight/dc_224/1563.jpg,50111-0471-01_18300C00
1584.jpg,00378-0186-01_5626AB25,378,186,False,False,False,fcn_mix_weight/dc_224/1584.jpg,00378-0186-01_5626AB25
1585.jpg,68012-0104-30_EE1DF76F,68012,104,False,True,False,fcn_mix_weight/dc_224/1585.jpg,68012-0104-30_EE1DF76F
1586.jpg,65597-0701-18_AD1DD6FE,65597,701,False,True,False,fcn_mix_weight/dc_224/1586.jpg,65597-0701-18_AD1DD6FE
1589.jpg,00555-0483-02_002B804C,555,483,False,True,False,fcn_mix_weight/dc_224/1589.jpg,00555-0483-02_002B804C
1598.jpg,00591-0406-01_5C21AE6D,591,406,False,False,False,fcn_mix_weight/dc_224/1598.jpg,00591-0406-01_5C21AE6D
160.jpg,00555-0869-02_B32F59EA,555,869,False,True,False,fcn_mix_weight/dc_224/160.jpg,00555-0869-02_B32F59EA
1616.jpg,00093-0012-98_4D29A6AD,93,12,False,True,False,fcn_mix_weight/dc_224/1616.jpg,00093-0012-98_4D29A6AD
1620.jpg,65580-0303-03_0A128554,65580,303,False,True,False,fcn_mix_weight/dc_224/1620.jpg,65580-0303-03_0A128554
1629.jpg,59762-2004-01_E61DF31F,59762,2004,False,True,False,fcn_mix_weight/dc_224/1629.jpg,59762-2004-01_E61DF31F
1637.jpg,00378-0501-01_CA21657B,378,501,False,True,False,fcn_mix_weight/dc_224/1637.jpg,00378-0501-01_CA21657B
1641.jpg,58468-0130-01_D71C6B93,58468,130,False,True,False,fcn_mix_weight/dc_224/1641.jpg,58468-0130-01_D71C6B93
1650.jpg,00093-2268-01_D5296ADB,93,2268,False,False,False,fcn_mix_weight/dc_224/1650.jpg,00093-2268-01_D5296ADB
1666.jpg,00093-2929-01_E52972BB,93,2929,False,True,False,fcn_mix_weight/dc_224/1666.jpg,00093-2929-01_E52972BB
1676.jpg,00143-1257-01_FD22FEA7,143,1257,False,True,False,fcn_mix_weight/dc_224/1676.jpg,00143-1257-01_FD22FEA7
1689.jpg,00093-4233-01_322D1908,93,4233,False,False,False,fcn_mix_weight/dc_224/1689.jpg,00093-4233-01_322D1908
1699.jpg,16714-0663-01_3F159FCC,16714,663,False,False,False,fcn_mix_weight/dc_224/1699.jpg,16714-0663-01_3F159FCC
170.jpg,50111-0323-01_AA2F556A,50111,323,False,True,False,fcn_mix_weight/dc_224/170.jpg,50111-0323-01_AA2F556A
1709.jpg,00093-0028-01_6A29B54D,93,28,False,True,False,fcn_mix_weight/dc_224/1709.jpg,00093-0028-01_6A29B54D
1728.jpg,00456-0457-01_D51D6AFB,456,457,False,True,False,fcn_mix_weight/dc_224/1728.jpg,00456-0457-01_D51D6AFB
1734.jpg,00093-5501-01_CF2D679B,93,5501,False,True,False,fcn_mix_weight/dc_224/1734.jpg,00093-5501-01_CF2D679B
1744.jpg,00093-0012-98_4D29A6AD,93,12,False,True,False,fcn_mix_weight/dc_224/1744.jpg,00093-0012-98_4D29A6AD
1746.jpg,65862-0142-01_A621537A,65862,142,False,True,False,fcn_mix_weight/dc_224/1746.jpg,65862-0142-01_A621537A
1747.jpg,50111-0470-01_FB2FFDFF,50111,470,False,True,False,fcn_mix_weight/dc_224/1747.jpg,50111-0470-01_FB2FFDFF
1756.jpg,00591-2473-19_F11D78AB,591,2473,False,False,False,fcn_mix_weight/dc_224/1756.jpg,00591-2473-19_F11D78AB
1757.jpg,00555-9016-58_4D2FA69D,555,9016,False,True,False,fcn_mix_weight/dc_224/1757.jpg,00555-9016-58_4D2FA69D
177.jpg,00591-2473-19_F11D78AB,591,2473,False,False,False,fcn_mix_weight/dc_224/177.jpg,00591-2473-19_F11D78AB
1773.jpg,00093-2204-01_8A204572,93,2204,False,False,False,fcn_mix_weight/dc_224/1773.jpg,00093-2204-01_8A204572
1776.jpg,00093-7493-06_DB2FEDDF,93,7493,False,True,False,fcn_mix_weight/dc_224/1776.jpg,00093-7493-06_DB2FEDDF
1784.jpg,00093-0782-56_392B1C88,93,782,False,True,False,fcn_mix_weight/dc_224/1784.jpg,00093-0782-56_392B1C88
1785.jpg,00093-0321-01_902B486A,93,321,False,True,False,fcn_mix_weight/dc_224/1785.jpg,00093-0321-01_902B486A
1796.jpg,00832-1080-00_C0266053,832,1080,False,False,False,fcn_mix_weight/dc_224/1796.jpg,00832-1080-00_C0266053
1807.jpg,00074-3020-11_E01D703B,74,3020,False,True,False,fcn_mix_weight/dc_224/1807.jpg,00074-3020-11_E01D703B
181.jpg,00093-7314-56_18280C00,93,7314,False,True,False,fcn_mix_weight/dc_224/181.jpg,00093-7314-56_18280C00
1813.jpg,62037-0793-60_832041B2,62037,793,False,True,False,fcn_mix_weight/dc_224/1813.jpg,62037-0793-60_832041B2
1814.jpg,00093-7224-98_B5305AF2,93,7224,False,True,False,fcn_mix_weight/dc_224/1814.jpg,00093-7224-98_B5305AF2
1821.jpg,00093-2268-01_D5296ADB,93,2268,False,False,False,fcn_mix_weight/dc_224/1821.jpg,00093-2268-01_D5296ADB
1837.jpg,00093-5213-01_632BB1FD,93,5213,False,False,False,fcn_mix_weight/dc_224/1837.jpg,00093-5213-01_632BB1FD
1848.jpg,00093-7224-98_B5305AF2,93,7224,False,False,False,fcn_mix_weight/dc_224/1848.jpg,00093-7224-98_B5305AF2
1861.jpg,00378-1809-01_5623AB5D,378,1809,False,False,False,fcn_mix_weight/dc_224/1861.jpg,00378-1809-01_5623AB5D
1862.jpg,00185-0117-01_D520EAA7,185,117,False,False,False,fcn_mix_weight/dc_224/1862.jpg,00185-0117-01_D520EAA7
1866.jpg,51285-0691-02_5F2F2F89,51285,691,False,True,False,fcn_mix_weight/dc_224/1866.jpg,51285-0691-02_5F2F2F89
1867.jpg,00093-5105-56_102D880C,93,5105,False,False,False,fcn_mix_weight/dc_224/1867.jpg,00093-5105-56_102D880C
187.jpg,52544-0291-28_601E3031,52544,291,False,False,False,fcn_mix_weight/dc_224/187.jpg,52544-0291-28_601E3031
1884.jpg,00143-1257-01_FD22FEA7,143,1257,False,True,False,fcn_mix_weight/dc_224/1884.jpg,00143-1257-01_FD22FEA7
1885.jpg,51285-0523-02_2F3017D0,51285,523,False,True,False,fcn_mix_weight/dc_224/1885.jpg,51285-0523-02_2F3017D0
1887.jpg,00093-7157-06_4D2BA68D,93,7157,False,False,False,fcn_mix_weight/dc_224/1887.jpg,00093-7157-06_4D2BA68D
1893.jpg,50111-0916-01_131D89EC,50111,916,False,False,False,fcn_mix_weight/dc_224/1893.jpg,50111-0916-01_131D89EC
19.jpg,00093-7214-98_C929E4EF,93,7214,False,False,False,fcn_mix_weight/dc_224/19.jpg,00093-7214-98_C929E4EF
1903.jpg,00093-1087-01_9E29CF5E,93,1087,False,True,False,fcn_mix_weight/dc_224/1903.jpg,00093-1087-01_9E29CF5E
1905.jpg,00173-0556-02_251912B8,173,556,False,True,False,fcn_mix_weight/dc_224/1905.jpg,00173-0556-02_251912B8
1907.jpg,00172-3760-60_C22D610B,172,3760,False,True,False,fcn_mix_weight/dc_224/1907.jpg,00172-3760-60_C22D610B
1915.jpg,00074-3020-11_E01D703B,74,3020,False,False,False,fcn_mix_weight/dc_224/1915.jpg,00074-3020-11_E01D703B
1917.jpg,00172-5728-60_5821AC5D,172,5728,False,False,False,fcn_mix_weight/dc_224/1917.jpg,00172-5728-60_5821AC5D
1919.jpg,00093-7355-56_D42D6A0B,93,7355,False,True,False,fcn_mix_weight/dc_224/1919.jpg,00093-7355-56_D42D6A0B
1922.jpg,00093-4338-01_BC2DDE7E,93,4338,False,False,False,fcn_mix_weight/dc_224/1922.jpg,00093-4338-01_BC2DDE7E
1926.jpg,00093-5852-01_512BA8FD,93,5852,False,True,False,fcn_mix_weight/dc_224/1926.jpg,00093-5852-01_512BA8FD
1933.jpg,00093-7154-56_2C281650,93,7154,False,True,False,fcn_mix_weight/dc_224/1933.jpg,00093-7154-56_2C281650
1934.jpg,00093-1049-98_CE29E75F,93,1049,False,False,False,fcn_mix_weight/dc_224/1934.jpg,00093-1049-98_CE29E75F
1947.jpg,00093-5125-01_342D9A0C,93,5125,False,False,False,fcn_mix_weight/dc_224/1947.jpg,00093-5125-01_342D9A0C
1950.jpg,00591-5335-01_501DA84D,591,5335,False,False,False,fcn_mix_weight/dc_224/1950.jpg,00591-5335-01_501DA84D
1962.jpg,00093-7326-01_812D40CA,93,7326,False,True,False,fcn_mix_weight/dc_224/1962.jpg,00093-7326-01_812D40CA
1969.jpg,58468-0130-01_D71C6B93,58468,130,False,False,False,fcn_mix_weight/dc_224/1969.jpg,58468-0130-01_D71C6B93
1978.jpg,00555-0860-02_D72F6BEB,555,860,False,False,False,fcn_mix_weight/dc_224/1978.jpg,00555-0860-02_D72F6BEB
1982.jpg,47335-0894-81_7F1DBFBD,47335,894,False,False,False,fcn_mix_weight/dc_224/1982.jpg,47335-0894-81_7F1DBFBD
1985.jpg,00093-0670-06_822B417A,93,670,False,True,False,fcn_mix_weight/dc_224/1985.jpg,00093-0670-06_822B417A
1987.jpg,51285-0523-02_2F3017D0,51285,523,False,False,False,fcn_mix_weight/dc_224/1987.jpg,51285-0523-02_2F3017D0
199.jpg,00555-9034-58_6D2FB6BD,555,9034,False,True,False,fcn_mix_weight/dc_224/199.jpg,00555-9034-58_6D2FB6BD
1990.jpg,00555-9034-58_6D2FB6BD,555,9034,False,False,False,fcn_mix_weight/dc_224/1990.jpg,00555-9034-58_6D2FB6BD
1998.jpg,00378-1821-01_4D23A6AD,378,1821,False,True,False,fcn_mix_weight/dc_224/1998.jpg,00378-1821-01_4D23A6AD
2000.jpg,51285-0524-02_582F2C29,51285,524,False,False,False,fcn_mix_weight/dc_224/2000.jpg,51285-0524-02_582F2C29
2006.jpg,00228-2127-10_5321A9ED,228,2127,False,True,False,fcn_mix_weight/dc_224/2006.jpg,00228-2127-10_5321A9ED
2014.jpg,00093-5507-56_0C270618,93,5507,False,False,False,fcn_mix_weight/dc_224/2014.jpg,00093-5507-56_0C270618
2019.jpg,00093-2268-01_D5296ADB,93,2268,False,False,False,fcn_mix_weight/dc_224/2019.jpg,00093-2268-01_D5296ADB
2031.jpg,00093-0670-06_822B417A,93,670,False,False,False,fcn_mix_weight/dc_224/2031.jpg,00093-0670-06_822B417A
2037.jpg,00093-1118-01_D32969BB,93,1118,False,False,False,fcn_mix_weight/dc_224/2037.jpg,00093-1118-01_D32969BB
2040.jpg,00143-1241-01_B323599A,143,1241,False,True,False,fcn_mix_weight/dc_224/2040.jpg,00143-1241-01_B323599A
2056.jpg,53489-0105-01_3D269EF4,53489,105,False,True,False,fcn_mix_weight/dc_224/2056.jpg,53489-0105-01_3D269EF4
2062.jpg,00093-7314-56_18280C00,93,7314,False,False,False,fcn_mix_weight/dc_224/2062.jpg,00093-7314-56_18280C00
2064.jpg,50111-0916-01_131D89EC,50111,916,False,True,False,fcn_mix_weight/dc_224/2064.jpg,50111-0916-01_131D89EC
2070.jpg,68462-0358-05_A71C53C2,68462,358,False,False,False,fcn_mix_weight/dc_224/2070.jpg,68462-0358-05_A71C53C2
2075.jpg,00378-2074-01_8B2145CA,378,2074,False,True,False,fcn_mix_weight/dc_224/2075.jpg,00378-2074-01_8B2145CA
2082.jpg,00093-3193-01_AD29569A,93,3193,False,True,False,fcn_mix_weight/dc_224/2082.jpg,00093-3193-01_AD29569A
2086.jpg,00093-4237-01_2B2D958C,93,4237,False,True,False,fcn_mix_weight/dc_224/2086.jpg,00093-4237-01_2B2D958C
2091.jpg,00093-7256-01_EA267553,93,7256,False,True,False,fcn_mix_weight/dc_224/2091.jpg,00093-7256-01_EA267553
2103.jpg,00093-3165-01_19270CA8,93,3165,False,True,False,fcn_mix_weight/dc_224/2103.jpg,00093-3165-01_19270CA8
2125.jpg,53746-0190-05_CD1D66AB,53746,190,False,False,False,fcn_mix_weight/dc_224/2125.jpg,53746-0190-05_CD1D66AB
2129.jpg,00093-3193-01_AD29569A,93,3193,False,False,False,fcn_mix_weight/dc_224/2129.jpg,00093-3193-01_AD29569A
2139.jpg,27437-0201-08_B51D5AAA,27437,201,False,False,False,fcn_mix_weight/dc_224/2139.jpg,27437-0201-08_B51D5AAA
2140.jpg,00378-0218-01_BF205FB2,378,218,False,True,False,fcn_mix_weight/dc_224/2140.jpg,00378-0218-01_BF205FB2
2145.jpg,00378-2074-01_8B2145CA,378,2074,False,True,False,fcn_mix_weight/dc_224/2145.jpg,00378-2074-01_8B2145CA
2153.jpg,51285-0080-70_442FA21D,51285,80,False,True,False,fcn_mix_weight/dc_224/2153.jpg,51285-0080-70_442FA21D
2161.jpg,00172-4280-60_8F21C7EE,172,4280,False,False,False,fcn_mix_weight/dc_224/2161.jpg,00172-4280-60_8F21C7EE
2166.jpg,00093-2929-01_E52972BB,93,2929,False,True,False,fcn_mix_weight/dc_224/2166.jpg,00093-2929-01_E52972BB
2167.jpg,51285-0595-02_EE2FF76F,51285,595,False,True,False,fcn_mix_weight/dc_224/2167.jpg,51285-0595-02_EE2FF76F
2171.jpg,00378-0218-01_BF205FB2,378,218,False,True,False,fcn_mix_weight/dc_224/2171.jpg,00378-0218-01_BF205FB2
2172.jpg,51285-0080-70_442FA21D,51285,80,False,False,False,fcn_mix_weight/dc_224/2172.jpg,51285-0080-70_442FA21D
2186.jpg,27437-0201-08_B51D5AAA,27437,201,False,False,False,fcn_mix_weight/dc_224/2186.jpg,27437-0201-08_B51D5AAA
2190.jpg,65597-0701-18_AD1DD6FE,65597,701,False,True,False,fcn_mix_weight/dc_224/2190.jpg,65597-0701-18_AD1DD6FE
2191.jpg,00093-2075-01_C326E187,93,2075,False,True,False,fcn_mix_weight/dc_224/2191.jpg,00093-2075-01_C326E187
2194.jpg,54092-0517-02_D715EBBF,54092,517,False,True,False,fcn_mix_weight/dc_224/2194.jpg,54092-0517-02_D715EBBF
2198.jpg,00093-7326-01_812D40CA,93,7326,False,True,False,fcn_mix_weight/dc_224/2198.jpg,00093-7326-01_812D40CA
22.jpg,00093-1044-01_B229D97E,93,1044,False,False,False,fcn_mix_weight/dc_224/22.jpg,00093-1044-01_B229D97E
2202.jpg,00378-0501-01_CA21657B,378,501,False,False,False,fcn_mix_weight/dc_224/2202.jpg,00378-0501-01_CA21657B
2219.jpg,00603-5438-21_B0265872,603,5438,False,False,False,fcn_mix_weight/dc_224/2219.jpg,00603-5438-21_B0265872
222.jpg,00172-4366-60_7F26BFF5,172,4366,False,False,False,fcn_mix_weight/dc_224/222.jpg,00172-4366-60_7F26BFF5
2221.jpg,00093-4336-01_CA2DE50F,93,4336,False,True,False,fcn_mix_weight/dc_224/2221.jpg,00093-4336-01_CA2DE50F
2223.jpg,00378-1821-01_4D23A6AD,378,1821,False,True,False,fcn_mix_weight/dc_224/2223.jpg,00378-1821-01_4D23A6AD
2235.jpg,51285-0692-02_8A2F454A,51285,692,False,False,False,fcn_mix_weight/dc_224/2235.jpg,51285-0692-02_8A2F454A
2237.jpg,64679-0936-03_7E05BF4D,64679,936,False,True,False,fcn_mix_weight/dc_224/2237.jpg,64679-0936-03_7E05BF4D
224.jpg,00093-5049-06_A22D511A,93,5049,False,False,False,fcn_mix_weight/dc_224/224.jpg,00093-5049-06_A22D511A
2240.jpg,00378-1809-01_5623AB5D,378,1809,False,True,False,fcn_mix_weight/dc_224/2240.jpg,00378-1809-01_5623AB5D
2242.jpg,00378-1803-01_2A23950C,378,1803,False,False,False,fcn_mix_weight/dc_224/2242.jpg,00378-1803-01_2A23950C
2244.jpg,00555-0071-01_BF2B5FAA,555,71,False,False,False,fcn_mix_weight/dc_224/2244.jpg,00555-0071-01_BF2B5FAA
2249.jpg,60505-5307-01_4D26A6D5,60505,5307,False,True,False,fcn_mix_weight/dc_224/2249.jpg,60505-5307-01_4D26A6D5
2275.jpg,00093-4237-01_2B2D958C,93,4237,False,True,False,fcn_mix_weight/dc_224/2275.jpg,00093-4237-01_2B2D958C
2276.jpg,00093-0221-06_9F294FDA,93,221,False,False,False,fcn_mix_weight/dc_224/2276.jpg,00093-0221-06_9F294FDA
2281.jpg,00143-1475-01_B7205BF2,143,1475,False,False,False,fcn_mix_weight/dc_224/2281.jpg,00143-1475-01_B7205BF2
2285.jpg,00093-0983-01_7A29BD5D,93,983,False,False,False,fcn_mix_weight/dc_224/2285.jpg,00093-0983-01_7A29BD5D
2306.jpg,00007-4882-13_E118F097,7,4882,False,True,False,fcn_mix_weight/dc_224/2306.jpg,00007-4882-13_E118F097
2307.jpg,00093-1118-01_D32969BB,93,1118,False,False,False,fcn_mix_weight/dc_224/2307.jpg,00093-1118-01_D32969BB
2317.jpg,51285-0539-02_D13068D3,51285,539,False,True,False,fcn_mix_weight/dc_224/2317.jpg,51285-0539-02_D13068D3
2324.jpg,63304-0553-05_D015681B,63304,553,False,True,False,fcn_mix_weight/dc_224/2324.jpg,63304-0553-05_D015681B
2330.jpg,55111-0180-15_D31D69AB,55111,180,False,False,False,fcn_mix_weight/dc_224/2330.jpg,55111-0180-15_D31D69AB
2345.jpg,50111-0397-01_F72FFBEF,50111,397,False,False,False,fcn_mix_weight/dc_224/2345.jpg,50111-0397-01_F72FFBEF
2347.jpg,00006-0277-54_16160B30,6,277,False,True,False,fcn_mix_weight/dc_224/2347.jpg,00006-0277-54_16160B30
2355.jpg,00456-1550-60_0D1C8694,456,1550,False,False,False,fcn_mix_weight/dc_224/2355.jpg,00456-1550-60_0D1C8694
236.jpg,50111-0323-01_AA2F556A,50111,323,False,True,False,fcn_mix_weight/dc_224/236.jpg,50111-0323-01_AA2F556A
2362.jpg,00555-0860-02_D72F6BEB,555,860,False,True,False,fcn_mix_weight/dc_224/2362.jpg,00555-0860-02_D72F6BEB
2366.jpg,00378-1803-01_2A23950C,378,1803,False,False,False,fcn_mix_weight/dc_224/2366.jpg,00378-1803-01_2A23950C
2367.jpg,00093-3147-01_C51962CB,93,3147,False,True,False,fcn_mix_weight/dc_224/2367.jpg,00093-3147-01_C51962CB
2371.jpg,00093-4336-01_CA2DE50F,93,4336,False,False,False,fcn_mix_weight/dc_224/2371.jpg,00093-4336-01_CA2DE50F
2377.jpg,64720-0323-10_F51DFA9F,64720,323,False,True,False,fcn_mix_weight/dc_224/2377.jpg,64720-0323-10_F51DFA9F
2379.jpg,00093-7202-98_6323B1ED,93,7202,False,False,False,fcn_mix_weight/dc_224/2379.jpg,00093-7202-98_6323B1ED
2381.jpg,00186-1090-05_0D1D86EC,186,1090,False,True,False,fcn_mix_weight/dc_224/2381.jpg,00186-1090-05_0D1D86EC
2384.jpg,65580-0303-03_0A128554,65580,303,False,True,False,fcn_mix_weight/dc_224/2384.jpg,65580-0303-03_0A128554
2386.jpg,00093-5501-01_CF2D679B,93,5501,False,True,False,fcn_mix_weight/dc_224/2386.jpg,00093-5501-01_CF2D679B
239.jpg,54092-0517-02_D715EBBF,54092,517,False,False,False,fcn_mix_weight/dc_224/239.jpg,54092-0517-02_D715EBBF
2398.jpg,00456-1550-60_0D1C8694,456,1550,False,True,False,fcn_mix_weight/dc_224/2398.jpg,00456-1550-60_0D1C8694
2420.jpg,00172-5728-60_5821AC5D,172,5728,False,False,False,fcn_mix_weight/dc_224/2420.jpg,00172-5728-60_5821AC5D
2423.jpg,63304-0553-05_D015681B,63304,553,False,False,False,fcn_mix_weight/dc_224/2423.jpg,63304-0553-05_D015681B
2436.jpg,00093-0983-01_7A29BD5D,93,983,False,False,False,fcn_mix_weight/dc_224/2436.jpg,00093-0983-01_7A29BD5D
2449.jpg,00093-4338-01_BC2DDE7E,93,4338,False,True,False,fcn_mix_weight/dc_224/2449.jpg,00093-4338-01_BC2DDE7E
245.jpg,63459-0416-30_8F2D47EA,63459,416,False,True,False,fcn_mix_weight/dc_224/245.jpg,63459-0416-30_8F2D47EA
2456.jpg,00093-0148-01_4629A34D,93,148,False,True,False,fcn_mix_weight/dc_224/2456.jpg,00093-0148-01_4629A34D
2458.jpg,00093-8035-01_DC266E63,93,8035,False,False,False,fcn_mix_weight/dc_224/2458.jpg,00093-8035-01_DC266E63
2463.jpg,00143-1268-01_7321B9DD,143,1268,False,True,False,fcn_mix_weight/dc_224/2463.jpg,00143-1268-01_7321B9DD
2470.jpg,51285-0691-02_5F2F2F89,51285,691,False,True,False,fcn_mix_weight/dc_224/2470.jpg,51285-0691-02_5F2F2F89
2471.jpg,16714-0663-01_3F159FCC,16714,663,False,True,False,fcn_mix_weight/dc_224/2471.jpg,16714-0663-01_3F159FCC
2485.jpg,00093-5256-68_15268A84,93,5256,False,True,False,fcn_mix_weight/dc_224/2485.jpg,00093-5256-68_15268A84
2486.jpg,00007-4882-13_E118F097,7,4882,False,True,False,fcn_mix_weight/dc_224/2486.jpg,00007-4882-13_E118F097
2492.jpg,50111-0852-01_7B303DB1,50111,852,False,True,False,fcn_mix_weight/dc_224/2492.jpg,50111-0852-01_7B303DB1
2502.jpg,00093-7326-01_812D40CA,93,7326,False,False,False,fcn_mix_weight/dc_224/2502.jpg,00093-7326-01_812D40CA
2506.jpg,62037-0793-60_832041B2,62037,793,False,False,False,fcn_mix_weight/dc_224/2506.jpg,62037-0793-60_832041B2
2510.jpg,00555-0925-02_46212319,555,925,False,True,False,fcn_mix_weight/dc_224/2510.jpg,00555-0925-02_46212319
2520.jpg,00002-3239-30_3F1E1F80,2,3239,False,False,False,fcn_mix_weight/dc_224/2520.jpg,00002-3239-30_3F1E1F80
2521.jpg,51285-0595-02_EE2FF76F,51285,595,False,True,False,fcn_mix_weight/dc_224/2521.jpg,51285-0595-02_EE2FF76F
2523.jpg,00228-2717-11_56232B19,228,2717,False,True,False,fcn_mix_weight/dc_224/2523.jpg,00228-2717-11_56232B19
2525.jpg,00093-5852-01_512BA8FD,93,5852,False,False,False,fcn_mix_weight/dc_224/2525.jpg,00093-5852-01_512BA8FD
2535.jpg,00173-0556-02_251912B8,173,556,False,True,False,fcn_mix_weight/dc_224/2535.jpg,00173-0556-02_251912B8
2539.jpg,00603-5438-21_B0265872,603,5438,False,False,False,fcn_mix_weight/dc_224/2539.jpg,00603-5438-21_B0265872
2541.jpg,00093-5061-01_7C2D3E29,93,5061,False,False,False,fcn_mix_weight/dc_224/2541.jpg,00093-5061-01_7C2D3E29
2543.jpg,00093-0734-01_6C2B3609,93,734,False,False,False,fcn_mix_weight/dc_224/2543.jpg,00093-0734-01_6C2B3609
2547.jpg,00093-0321-01_902B486A,93,321,False,False,False,fcn_mix_weight/dc_224/2547.jpg,00093-0321-01_902B486A
2551.jpg,50111-0470-01_FB2FFDFF,50111,470,False,True,False,fcn_mix_weight/dc_224/2551.jpg,50111-0470-01_FB2FFDFF
2555.jpg,50111-0916-01_131D89EC,50111,916,False,False,False,fcn_mix_weight/dc_224/2555.jpg,50111-0916-01_131D89EC
2562.jpg,00093-7202-98_6323B1ED,93,7202,False,False,False,fcn_mix_weight/dc_224/2562.jpg,00093-7202-98_6323B1ED
2567.jpg,50111-0470-01_FB2FFDFF,50111,470,False,True,False,fcn_mix_weight/dc_224/2567.jpg,50111-0470-01_FB2FFDFF
2568.jpg,00093-7314-56_18280C00,93,7314,False,False,False,fcn_mix_weight/dc_224/2568.jpg,00093-7314-56_18280C00
257.jpg,00009-7663-04_FD12FEA7,9,7663,False,False,False,fcn_mix_weight/dc_224/257.jpg,00009-7663-04_FD12FEA7
2573.jpg,16252-0516-05_D61FEB7F,16252,516,False,True,False,fcn_mix_weight/dc_224/2573.jpg,16252-0516-05_D61FEB7F
2574.jpg,51285-0692-02_8A2F454A,51285,692,False,True,False,fcn_mix_weight/dc_224/2574.jpg,51285-0692-02_8A2F454A
2577.jpg,00056-0170-70_95134AFA,56,170,False,False,False,fcn_mix_weight/dc_224/2577.jpg,00056-0170-70_95134AFA
2581.jpg,00093-1044-01_B229D97E,93,1044,False,False,False,fcn_mix_weight/dc_224/2581.jpg,00093-1044-01_B229D97E
259.jpg,00093-0039-01_4F29A7CD,93,39,False,False,False,fcn_mix_weight/dc_224/259.jpg,00093-0039-01_4F29A7CD
2591.jpg,47335-0894-81_7F1DBFBD,47335,894,False,True,False,fcn_mix_weight/dc_224/2591.jpg,47335-0894-81_7F1DBFBD
2599.jpg,00093-5289-56_9927CCDE,93,5289,False,False,False,fcn_mix_weight/dc_224/2599.jpg,00093-5289-56_9927CCDE
2603.jpg,00555-0066-02_C82B642B,555,66,False,True,False,fcn_mix_weight/dc_224/2603.jpg,00555-0066-02_C82B642B
2606.jpg,00555-0483-02_002B804C,555,483,False,False,False,fcn_mix_weight/dc_224/2606.jpg,00555-0483-02_002B804C
261.jpg,00093-7236-56_422B2109,93,7236,False,False,False,fcn_mix_weight/dc_224/261.jpg,00093-7236-56_422B2109
2625.jpg,00173-0565-04_461DA30D,173,565,False,False,False,fcn_mix_weight/dc_224/2625.jpg,00173-0565-04_461DA30D
2640.jpg,00056-0170-70_95134AFA,56,170,False,False,False,fcn_mix_weight/dc_224/2640.jpg,00056-0170-70_95134AFA
2643.jpg,00172-4366-60_7F26BFF5,172,4366,False,True,False,fcn_mix_weight/dc_224/2643.jpg,00172-4366-60_7F26BFF5
2652.jpg,63459-0416-30_8F2D47EA,63459,416,False,True,False,fcn_mix_weight/dc_224/2652.jpg,63459-0416-30_8F2D47EA
2653.jpg,00093-7303-65_752F3A99,93,7303,False,True,False,fcn_mix_weight/dc_224/2653.jpg,00093-7303-65_752F3A99
2656.jpg,00093-5049-06_A22D511A,93,5049,False,True,False,fcn_mix_weight/dc_224/2656.jpg,00093-5049-06_A22D511A
2658.jpg,00093-7443-56_052702B8,93,7443,False,True,False,fcn_mix_weight/dc_224/2658.jpg,00093-7443-56_052702B8
2660.jpg,00071-0419-24_361C9B04,71,419,False,True,False,fcn_mix_weight/dc_224/2660.jpg,00071-0419-24_361C9B04
2672.jpg,00093-0782-56_392B1C88,93,782,False,True,False,fcn_mix_weight/dc_224/2672.jpg,00093-0782-56_392B1C88
2693.jpg,00093-3010-84_F72CFBF7,93,3010,False,True,False,fcn_mix_weight/dc_224/2693.jpg,00093-3010-84_F72CFBF7
2710.jpg,00093-0039-01_4F29A7CD,93,39,False,False,False,fcn_mix_weight/dc_224/2710.jpg,00093-0039-01_4F29A7CD
2718.jpg,00075-7700-60_E51C72E3,75,7700,False,True,False,fcn_mix_weight/dc_224/2718.jpg,00075-7700-60_E51C72E3
2724.jpg,50111-0397-01_F72FFBEF,50111,397,False,True,False,fcn_mix_weight/dc_224/2724.jpg,50111-0397-01_F72FFBEF
2725.jpg,53746-0190-05_CD1D66AB,53746,190,False,False,False,fcn_mix_weight/dc_224/2725.jpg,53746-0190-05_CD1D66AB
2739.jpg,00093-2204-01_8A204572,93,2204,False,False,False,fcn_mix_weight/dc_224/2739.jpg,00093-2204-01_8A204572
2758.jpg,00093-0670-06_822B417A,93,670,False,False,False,fcn_mix_weight/dc_224/2758.jpg,00093-0670-06_822B417A
2780.jpg,00555-0831-02_C52F62EB,555,831,False,True,False,fcn_mix_weight/dc_224/2780.jpg,00555-0831-02_C52F62EB
2798.jpg,00555-9034-58_6D2FB6BD,555,9034,False,False,False,fcn_mix_weight/dc_224/2798.jpg,00555-9034-58_6D2FB6BD
2799.jpg,00093-3165-01_19270CA8,93,3165,False,True,False,fcn_mix_weight/dc_224/2799.jpg,00093-3165-01_19270CA8
280.jpg,51285-0595-02_EE2FF76F,51285,595,False,False,False,fcn_mix_weight/dc_224/280.jpg,51285-0595-02_EE2FF76F
2802.jpg,00555-0066-02_C82B642B,555,66,False,True,False,fcn_mix_weight/dc_224/2802.jpg,00555-0066-02_C82B642B
2803.jpg,00555-0925-02_46212319,555,925,False,False,False,fcn_mix_weight/dc_224/2803.jpg,00555-0925-02_46212319
2807.jpg,00093-7314-56_18280C00,93,7314,False,True,False,fcn_mix_weight/dc_224/2807.jpg,00093-7314-56_18280C00
2809.jpg,00555-0808-02_62303121,555,808,False,False,False,fcn_mix_weight/dc_224/2809.jpg,00555-0808-02_62303121
2815.jpg,00093-4405-01_072D838C,93,4405,False,True,False,fcn_mix_weight/dc_224/2815.jpg,00093-4405-01_072D838C
2823.jpg,00555-0887-02_A02F505A,555,887,False,True,False,fcn_mix_weight/dc_224/2823.jpg,00555-0887-02_A02F505A
2833.jpg,00093-0026-01_5D29AEBD,93,26,False,False,False,fcn_mix_weight/dc_224/2833.jpg,00093-0026-01_5D29AEBD
2848.jpg,00093-3165-01_19270CA8,93,3165,False,True,False,fcn_mix_weight/dc_224/2848.jpg,00093-3165-01_19270CA8
2855.jpg,51672-4033-01_A72653F2,51672,4033,False,True,False,fcn_mix_weight/dc_224/2855.jpg,51672-4033-01_A72653F2
2877.jpg,00228-2127-10_5321A9ED,228,2127,False,False,False,fcn_mix_weight/dc_224/2877.jpg,00228-2127-10_5321A9ED
2881.jpg,27437-0201-08_B51D5AAA,27437,201,False,True,False,fcn_mix_weight/dc_224/2881.jpg,27437-0201-08_B51D5AAA
2891.jpg,00378-3475-01_6F243791,378,3475,False,True,False,fcn_mix_weight/dc_224/2891.jpg,00378-3475-01_6F243791
2896.jpg,00555-0483-02_002B804C,555,483,False,False,False,fcn_mix_weight/dc_224/2896.jpg,00555-0483-02_002B804C
2897.jpg,00603-5438-21_B0265872,603,5438,False,False,False,fcn_mix_weight/dc_224/2897.jpg,00603-5438-21_B0265872
29.jpg,50111-0852-01_7B303DB1,50111,852,False,False,False,fcn_mix_weight/dc_224/29.jpg,50111-0852-01_7B303DB1
290.jpg,00093-7214-98_C929E4EF,93,7214,False,False,False,fcn_mix_weight/dc_224/290.jpg,00093-7214-98_C929E4EF
2905.jpg,51285-0524-02_582F2C29,51285,524,False,True,False,fcn_mix_weight/dc_224/2905.jpg,51285-0524-02_582F2C29
2919.jpg,00555-0835-02_CA2F655B,555,835,False,True,False,fcn_mix_weight/dc_224/2919.jpg,00555-0835-02_CA2F655B
2921.jpg,00093-7202-98_6323B1ED,93,7202,False,False,False,fcn_mix_weight/dc_224/2921.jpg,00093-7202-98_6323B1ED
2930.jpg,00173-0556-02_251912B8,173,556,False,True,False,fcn_mix_weight/dc_224/2930.jpg,00173-0556-02_251912B8
2932.jpg,00555-0483-02_002B804C,555,483,False,True,False,fcn_mix_weight/dc_224/2932.jpg,00555-0483-02_002B804C
2935.jpg,00555-0869-02_B32F59EA,555,869,False,False,False,fcn_mix_weight/dc_224/2935.jpg,00555-0869-02_B32F59EA
2936.jpg,51285-0080-70_442FA21D,51285,80,False,True,False,fcn_mix_weight/dc_224/2936.jpg,51285-0080-70_442FA21D
2944.jpg,51285-0524-02_582F2C29,51285,524,False,True,False,fcn_mix_weight/dc_224/2944.jpg,51285-0524-02_582F2C29
2957.jpg,00093-7326-01_812D40CA,93,7326,False,False,False,fcn_mix_weight/dc_224/2957.jpg,00093-7326-01_812D40CA
2978.jpg,00093-7256-01_EA267553,93,7256,False,False,False,fcn_mix_weight/dc_224/2978.jpg,00093-7256-01_EA267553
2985.jpg,00603-5165-32_2F1B97BC,603,5165,False,False,False,fcn_mix_weight/dc_224/2985.jpg,00603-5165-32_2F1B97BC
2988.jpg,00093-7157-06_4D2BA68D,93,7157,False,True,False,fcn_mix_weight/dc_224/2988.jpg,00093-7157-06_4D2BA68D
2993.jpg,00378-6232-01_70213849,378,6232,False,False,False,fcn_mix_weight/dc_224/2993.jpg,00378-6232-01_70213849
2996.jpg,00093-7355-56_D42D6A0B,93,7355,False,True,False,fcn_mix_weight/dc_224/2996.jpg,00093-7355-56_D42D6A0B
2998.jpg,00378-1803-01_2A23950C,378,1803,False,True,False,fcn_mix_weight/dc_224/2998.jpg,00378-1803-01_2A23950C
3002.jpg,51285-0692-02_8A2F454A,51285,692,False,True,False,fcn_mix_weight/dc_224/3002.jpg,51285-0692-02_8A2F454A
3008.jpg,00093-5710-01_3F2B9FCC,93,5710,False,False,False,fcn_mix_weight/dc_224/3008.jpg,00093-5710-01_3F2B9FCC
3009.jpg,00555-0860-02_D72F6BEB,555,860,False,True,False,fcn_mix_weight/dc_224/3009.jpg,00555-0860-02_D72F6BEB
3010.jpg,00093-7256-01_EA267553,93,7256,False,False,False,fcn_mix_weight/dc_224/3010.jpg,00093-7256-01_EA267553
3015.jpg,00093-7485-20_C73063F3,93,7485,False,True,False,fcn_mix_weight/dc_224/3015.jpg,00093-7485-20_C73063F3
3025.jpg,00172-4280-60_8F21C7EE,172,4280,False,True,False,fcn_mix_weight/dc_224/3025.jpg,00172-4280-60_8F21C7EE
3033.jpg,00173-0178-55_AF18D7A6,173,178,False,False,False,fcn_mix_weight/dc_224/3033.jpg,00173-0178-55_AF18D7A6
3036.jpg,00093-5501-01_CF2D679B,93,5501,False,False,False,fcn_mix_weight/dc_224/3036.jpg,00093-5501-01_CF2D679B
3038.jpg,00378-3855-77_FB1C7D93,378,3855,False,False,False,fcn_mix_weight/dc_224/3038.jpg,00378-3855-77_FB1C7D93
304.jpg,00093-7154-56_2C281650,93,7154,False,True,False,fcn_mix_weight/dc_224/304.jpg,00093-7154-56_2C281650
3042.jpg,00093-4336-01_CA2DE50F,93,4336,False,True,False,fcn_mix_weight/dc_224/3042.jpg,00093-4336-01_CA2DE50F
3045.jpg,00093-4237-01_2B2D958C,93,4237,False,False,False,fcn_mix_weight/dc_224/3045.jpg,00093-4237-01_2B2D958C
305.jpg,00172-3649-60_A126D0D6,172,3649,False,False,False,fcn_mix_weight/dc_224/305.jpg,00172-3649-60_A126D0D6
3055.jpg,00378-3475-01_6F243791,378,3475,False,True,False,fcn_mix_weight/dc_224/3055.jpg,00378-3475-01_6F243791
3060.jpg,00093-7493-06_DB2FEDDF,93,7493,False,False,False,fcn_mix_weight/dc_224/3060.jpg,00093-7493-06_DB2FEDDF
3076.jpg,00093-7303-65_752F3A99,93,7303,False,False,False,fcn_mix_weight/dc_224/3076.jpg,00093-7303-65_752F3A99
3080.jpg,65597-0701-18_AD1DD6FE,65597,701,False,True,False,fcn_mix_weight/dc_224/3080.jpg,65597-0701-18_AD1DD6FE
3087.jpg,50111-0471-01_18300C00,50111,471,False,True,False,fcn_mix_weight/dc_224/3087.jpg,50111-0471-01_18300C00
3089.jpg,00093-7236-56_422B2109,93,7236,False,True,False,fcn_mix_weight/dc_224/3089.jpg,00093-7236-56_422B2109
3092.jpg,51285-0691-02_5F2F2F89,51285,691,False,True,False,fcn_mix_weight/dc_224/3092.jpg,51285-0691-02_5F2F2F89
3095.jpg,00555-0513-02_D92B6CFB,555,513,False,True,False,fcn_mix_weight/dc_224/3095.jpg,00555-0513-02_D92B6CFB
3098.jpg,51285-0539-02_D13068D3,51285,539,False,False,False,fcn_mix_weight/dc_224/3098.jpg,51285-0539-02_D13068D3
3099.jpg,00074-5182-19_AF1D57AA,74,5182,False,True,False,fcn_mix_weight/dc_224/3099.jpg,00074-5182-19_AF1D57AA
312.jpg,00093-2929-01_E52972BB,93,2929,False,False,False,fcn_mix_weight/dc_224/312.jpg,00093-2929-01_E52972BB
313.jpg,00093-0983-01_7A29BD5D,93,983,False,False,False,fcn_mix_weight/dc_224/313.jpg,00093-0983-01_7A29BD5D
3130.jpg,00143-1241-01_B323599A,143,1241,False,False,False,fcn_mix_weight/dc_224/3130.jpg,00143-1241-01_B323599A
3139.jpg,51285-0524-02_582F2C29,51285,524,False,True,False,fcn_mix_weight/dc_224/3139.jpg,51285-0524-02_582F2C29
3141.jpg,00093-7443-56_052702B8,93,7443,False,False,False,fcn_mix_weight/dc_224/3141.jpg,00093-7443-56_052702B8
3148.jpg,00093-5213-01_632BB1FD,93,5213,False,False,False,fcn_mix_weight/dc_224/3148.jpg,00093-5213-01_632BB1FD
3149.jpg,50111-0483-01_333019E0,50111,483,False,True,False,fcn_mix_weight/dc_224/3149.jpg,50111-0483-01_333019E0
3154.jpg,00093-1006-01_D729EBDF,93,1006,False,True,False,fcn_mix_weight/dc_224/3154.jpg,00093-1006-01_D729EBDF
3155.jpg,00228-2127-10_5321A9ED,228,2127,False,False,False,fcn_mix_weight/dc_224/3155.jpg,00228-2127-10_5321A9ED
3176.jpg,00172-3649-60_A126D0D6,172,3649,False,False,False,fcn_mix_weight/dc_224/3176.jpg,00172-3649-60_A126D0D6
3182.jpg,00093-0135-01_39281CE0,93,135,False,False,False,fcn_mix_weight/dc_224/3182.jpg,00093-0135-01_39281CE0
3199.jpg,00093-0028-01_6A29B54D,93,28,False,True,False,fcn_mix_weight/dc_224/3199.jpg,00093-0028-01_6A29B54D
3209.jpg,65580-0303-03_0A128554,65580,303,False,True,False,fcn_mix_weight/dc_224/3209.jpg,65580-0303-03_0A128554
3212.jpg,00093-5112-98_4E2D2719,93,5112,False,True,False,fcn_mix_weight/dc_224/3212.jpg,00093-5112-98_4E2D2719
3216.jpg,63459-0416-30_8F2D47EA,63459,416,False,False,False,fcn_mix_weight/dc_224/3216.jpg,63459-0416-30_8F2D47EA
3217.jpg,00074-5182-19_AF1D57AA,74,5182,False,False,False,fcn_mix_weight/dc_224/3217.jpg,00074-5182-19_AF1D57AA
3219.jpg,00555-0715-58_FB2F7DEB,555,715,False,False,False,fcn_mix_weight/dc_224/3219.jpg,00555-0715-58_FB2F7DEB
3222.jpg,00555-0887-02_A02F505A,555,887,False,True,False,fcn_mix_weight/dc_224/3222.jpg,00555-0887-02_A02F505A
3225.jpg,16252-0516-05_D61FEB7F,16252,516,False,True,False,fcn_mix_weight/dc_224/3225.jpg,16252-0516-05_D61FEB7F
3229.jpg,00093-0026-01_5D29AEBD,93,26,False,False,False,fcn_mix_weight/dc_224/3229.jpg,00093-0026-01_5D29AEBD
3232.jpg,00093-4069-01_E126F0B7,93,4069,False,True,False,fcn_mix_weight/dc_224/3232.jpg,00093-4069-01_E126F0B7
3233.jpg,00093-1118-01_D32969BB,93,1118,False,True,False,fcn_mix_weight/dc_224/3233.jpg,00093-1118-01_D32969BB
3241.jpg,00074-3020-11_E01D703B,74,3020,False,False,False,fcn_mix_weight/dc_224/3241.jpg,00074-3020-11_E01D703B
3244.jpg,00093-0321-01_902B486A,93,321,False,False,False,fcn_mix_weight/dc_224/3244.jpg,00093-0321-01_902B486A
3249.jpg,00173-0556-02_251912B8,173,556,False,False,False,fcn_mix_weight/dc_224/3249.jpg,00173-0556-02_251912B8
3259.jpg,60505-5307-01_4D26A6D5,60505,5307,False,True,False,fcn_mix_weight/dc_224/3259.jpg,60505-5307-01_4D26A6D5
3261.jpg,00093-7485-20_C73063F3,93,7485,False,False,False,fcn_mix_weight/dc_224/3261.jpg,00093-7485-20_C73063F3
3263.jpg,00555-9016-58_4D2FA69D,555,9016,False,True,False,fcn_mix_weight/dc_224/3263.jpg,00555-9016-58_4D2FA69D
3270.jpg,00555-9009-42_E52F72DB,555,9009,False,True,False,fcn_mix_weight/dc_224/3270.jpg,00555-9009-42_E52F72DB
3282.jpg,00093-4069-01_E126F0B7,93,4069,False,True,False,fcn_mix_weight/dc_224/3282.jpg,00093-4069-01_E126F0B7
3284.jpg,51285-0080-70_402FA00D,51285,80,False,False,False,fcn_mix_weight/dc_224/3284.jpg,51285-0080-70_402FA00D
3289.jpg,00143-1425-01_B12658A2,143,1425,False,True,False,fcn_mix_weight/dc_224/3289.jpg,00143-1425-01_B12658A2
329.jpg,00093-0149-01_BA23DD0E,93,149,False,True,False,fcn_mix_weight/dc_224/329.jpg,00093-0149-01_BA23DD0E
3292.jpg,51285-0524-02_582F2C29,51285,524,False,True,False,fcn_mix_weight/dc_224/3292.jpg,51285-0524-02_582F2C29
3294.jpg,00093-0734-01_6C2B3609,93,734,False,True,False,fcn_mix_weight/dc_224/3294.jpg,00093-0734-01_6C2B3609
3296.jpg,50111-0307-01_8429422A,50111,307,False,True,False,fcn_mix_weight/dc_224/3296.jpg,50111-0307-01_8429422A
3318.jpg,00378-0503-01_C923E4BF,378,503,False,True,False,fcn_mix_weight/dc_224/3318.jpg,00378-0503-01_C923E4BF
3327.jpg,16714-0663-01_3F159FCC,16714,663,False,True,False,fcn_mix_weight/dc_224/3327.jpg,16714-0663-01_3F159FCC
3332.jpg,68453-0375-10_14200A30,68453,375,False,True,False,fcn_mix_weight/dc_224/3332.jpg,68453-0375-10_14200A30
3337.jpg,00093-4237-01_2B2D958C,93,4237,False,True,False,fcn_mix_weight/dc_224/3337.jpg,00093-4237-01_2B2D958C
3338.jpg,50111-0323-01_AA2F556A,50111,323,False,False,False,fcn_mix_weight/dc_224/3338.jpg,50111-0323-01_AA2F556A
3340.jpg,00093-4443-01_9E2D4F0A,93,4443,False,True,False,fcn_mix_weight/dc_224/3340.jpg,00093-4443-01_9E2D4F0A
3360.jpg,00603-3079-21_F4267A63,603,3079,False,False,False,fcn_mix_weight/dc_224/3360.jpg,00603-3079-21_F4267A63
3363.jpg,00172-5410-46_502DA81D,172,5410,False,True,False,fcn_mix_weight/dc_224/3363.jpg,00172-5410-46_502DA81D
3369.jpg,00591-0406-01_5C21AE6D,591,406,False,True,False,fcn_mix_weight/dc_224/3369.jpg,00591-0406-01_5C21AE6D
3373.jpg,66582-0312-31_B21DD90E,66582,312,False,False,False,fcn_mix_weight/dc_224/3373.jpg,66582-0312-31_B21DD90E
338.jpg,00378-0501-01_CA21657B,378,501,False,True,False,fcn_mix_weight/dc_224/338.jpg,00378-0501-01_CA21657B
3381.jpg,00093-4405-01_072D838C,93,4405,False,True,False,fcn_mix_weight/dc_224/3381.jpg,00093-4405-01_072D838C
3382.jpg,65862-0142-01_A621537A,65862,142,False,True,False,fcn_mix_weight/dc_224/3382.jpg,65862-0142-01_A621537A
3387.jpg,51285-0539-02_D13068D3,51285,539,False,True,False,fcn_mix_weight/dc_224/3387.jpg,51285-0539-02_D13068D3
3388.jpg,00245-0041-11_9623CB0E,245,41,False,True,False,fcn_mix_weight/dc_224/3388.jpg,00245-0041-11_9623CB0E
3389.jpg,00093-3109-53_C819644B,93,3109,False,True,False,fcn_mix_weight/dc_224/3389.jpg,00093-3109-53_C819644B
3392.jpg,00555-0832-02_94214A4A,555,832,False,True,False,fcn_mix_weight/dc_224/3392.jpg,00555-0832-02_94214A4A
3396.jpg,00555-9009-42_E52F72DB,555,9009,False,False,False,fcn_mix_weight/dc_224/3396.jpg,00555-9009-42_E52F72DB
3399.jpg,00093-0039-01_4F29A7CD,93,39,False,False,False,fcn_mix_weight/dc_224/3399.jpg,00093-0039-01_4F29A7CD
340.jpg,00002-3239-30_3F1E1F80,2,3239,False,False,False,fcn_mix_weight/dc_224/340.jpg,00002-3239-30_3F1E1F80
3409.jpg,00093-7386-56_092F84AC,93,7386,False,True,False,fcn_mix_weight/dc_224/3409.jpg,00093-7386-56_092F84AC
3415.jpg,00009-7663-04_FD12FEA7,9,7663,False,True,False,fcn_mix_weight/dc_224/3415.jpg,00009-7663-04_FD12FEA7
3419.jpg,00093-0734-01_6C2B3609,93,734,False,True,False,fcn_mix_weight/dc_224/3419.jpg,00093-0734-01_6C2B3609
3423.jpg,00093-5125-01_342D9A0C,93,5125,False,True,False,fcn_mix_weight/dc_224/3423.jpg,00093-5125-01_342D9A0C
3426.jpg,00245-0041-11_9623CB0E,245,41,False,False,False,fcn_mix_weight/dc_224/3426.jpg,00245-0041-11_9623CB0E
3431.jpg,00781-1146-01_F422FA27,781,1146,False,False,False,fcn_mix_weight/dc_224/3431.jpg,00781-1146-01_F422FA27
3438.jpg,00093-8035-01_DC266E63,93,8035,False,False,False,fcn_mix_weight/dc_224/3438.jpg,00093-8035-01_DC266E63
3442.jpg,00093-0135-01_39281CE0,93,135,False,False,False,fcn_mix_weight/dc_224/3442.jpg,00093-0135-01_39281CE0
3444.jpg,00093-7236-56_422B2109,93,7236,False,True,False,fcn_mix_weight/dc_224/3444.jpg,00093-7236-56_422B2109
3460.jpg,50111-0470-01_FB2FFDFF,50111,470,False,False,False,fcn_mix_weight/dc_224/3460.jpg,50111-0470-01_FB2FFDFF
3466.jpg,00603-5165-32_2F1B97BC,603,5165,False,False,False,fcn_mix_weight/dc_224/3466.jpg,00603-5165-32_2F1B97BC
3481.jpg,00378-2074-01_8B2145CA,378,2074,False,False,False,fcn_mix_weight/dc_224/3481.jpg,00378-2074-01_8B2145CA
3489.jpg,00172-4366-60_7F26BFF5,172,4366,False,True,False,fcn_mix_weight/dc_224/3489.jpg,00172-4366-60_7F26BFF5
3490.jpg,00093-1049-98_CE29E75F,93,1049,False,False,False,fcn_mix_weight/dc_224/3490.jpg,00093-1049-98_CE29E75F
3500.jpg,00378-0501-01_CA21657B,378,501,False,True,False,fcn_mix_weight/dc_224/3500.jpg,00378-0501-01_CA21657B
3505.jpg,00093-5061-01_7C2D3E29,93,5061,False,True,False,fcn_mix_weight/dc_224/3505.jpg,00093-5061-01_7C2D3E29
3508.jpg,00093-1087-01_9E29CF5E,93,1087,False,True,False,fcn_mix_weight/dc_224/3508.jpg,00093-1087-01_9E29CF5E
3509.jpg,00555-0887-02_A02F505A,555,887,False,False,False,fcn_mix_weight/dc_224/3509.jpg,00555-0887-02_A02F505A
3510.jpg,00093-7214-98_C929E4EF,93,7214,False,True,False,fcn_mix_weight/dc_224/3510.jpg,00093-7214-98_C929E4EF
3516.jpg,00555-9034-58_6D2FB6BD,555,9034,False,True,False,fcn_mix_weight/dc_224/3516.jpg,00555-9034-58_6D2FB6BD
3526.jpg,00172-5410-46_502DA81D,172,5410,False,True,False,fcn_mix_weight/dc_224/3526.jpg,00172-5410-46_502DA81D
3537.jpg,00093-7270-98_9027C85E,93,7270,False,False,False,fcn_mix_weight/dc_224/3537.jpg,00093-7270-98_9027C85E
3538.jpg,58468-0130-01_D71C6B93,58468,130,False,True,False,fcn_mix_weight/dc_224/3538.jpg,58468-0130-01_D71C6B93
3541.jpg,00555-9016-58_4D2FA69D,555,9016,False,True,False,fcn_mix_weight/dc_224/3541.jpg,00555-9016-58_4D2FA69D
3542.jpg,00172-3649-60_A126D0D6,172,3649,False,False,False,fcn_mix_weight/dc_224/3542.jpg,00172-3649-60_A126D0D6
3545.jpg,65862-0142-01_A621537A,65862,142,False,True,False,fcn_mix_weight/dc_224/3545.jpg,65862-0142-01_A621537A
355.jpg,00228-2717-11_56232B19,228,2717,False,False,False,fcn_mix_weight/dc_224/355.jpg,00228-2717-11_56232B19
3573.jpg,50111-0483-01_333019E0,50111,483,False,False,False,fcn_mix_weight/dc_224/3573.jpg,50111-0483-01_333019E0
3576.jpg,00143-1241-01_B323599A,143,1241,False,True,False,fcn_mix_weight/dc_224/3576.jpg,00143-1241-01_B323599A
3586.jpg,00093-1006-01_D729EBDF,93,1006,False,False,False,fcn_mix_weight/dc_224/3586.jpg,00093-1006-01_D729EBDF
3588.jpg,50111-0307-01_8429422A,50111,307,False,True,False,fcn_mix_weight/dc_224/3588.jpg,50111-0307-01_8429422A
3592.jpg,00093-7386-56_092F84AC,93,7386,False,True,False,fcn_mix_weight/dc_224/3592.jpg,00093-7386-56_092F84AC
3599.jpg,00093-5256-68_15268A84,93,5256,False,True,False,fcn_mix_weight/dc_224/3599.jpg,00093-5256-68_15268A84
3609.jpg,68453-0375-10_14200A30,68453,375,False,True,False,fcn_mix_weight/dc_224/3609.jpg,68453-0375-10_14200A30
3616.jpg,00555-0071-01_BF2B5FAA,555,71,False,True,False,fcn_mix_weight/dc_224/3616.jpg,00555-0071-01_BF2B5FAA
3634.jpg,64980-0112-01_DC236E0B,64980,112,False,False,False,fcn_mix_weight/dc_224/3634.jpg,64980-0112-01_DC236E0B
3638.jpg,00093-5507-56_0C270618,93,5507,False,False,False,fcn_mix_weight/dc_224/3638.jpg,00093-5507-56_0C270618
3641.jpg,00093-5289-56_9927CCDE,93,5289,False,False,False,fcn_mix_weight/dc_224/3641.jpg,00093-5289-56_9927CCDE
3652.jpg,00093-0039-01_4F29A7CD,93,39,False,True,False,fcn_mix_weight/dc_224/3652.jpg,00093-0039-01_4F29A7CD
3653.jpg,47335-0894-81_7F1DBFBD,47335,894,False,True,False,fcn_mix_weight/dc_224/3653.jpg,47335-0894-81_7F1DBFBD
3662.jpg,00093-2204-01_8A204572,93,2204,False,False,False,fcn_mix_weight/dc_224/3662.jpg,00093-2204-01_8A204572
3667.jpg,00093-1049-98_CE29E75F,93,1049,False,True,False,fcn_mix_weight/dc_224/3667.jpg,00093-1049-98_CE29E75F
3680.jpg,00093-3147-01_C51962CB,93,3147,False,True,False,fcn_mix_weight/dc_224/3680.jpg,00093-3147-01_C51962CB
3683.jpg,00006-0277-54_16160B30,6,277,False,False,False,fcn_mix_weight/dc_224/3683.jpg,00006-0277-54_16160B30
3687.jpg,65597-0701-18_AD1DD6FE,65597,701,False,True,False,fcn_mix_weight/dc_224/3687.jpg,65597-0701-18_AD1DD6FE
3697.jpg,00093-7355-56_D42D6A0B,93,7355,False,True,False,fcn_mix_weight/dc_224/3697.jpg,00093-7355-56_D42D6A0B
3703.jpg,00093-0221-06_9F294FDA,93,221,False,True,False,fcn_mix_weight/dc_224/3703.jpg,00093-0221-06_9F294FDA
3716.jpg,00093-5125-01_342D9A0C,93,5125,False,True,False,fcn_mix_weight/dc_224/3716.jpg,00093-5125-01_342D9A0C
3717.jpg,00093-7443-56_052702B8,93,7443,False,False,False,fcn_mix_weight/dc_224/3717.jpg,00093-7443-56_052702B8
3718.jpg,00172-4366-60_7F26BFF5,172,4366,False,False,False,fcn_mix_weight/dc_224/3718.jpg,00172-4366-60_7F26BFF5
3727.jpg,00093-4741-01_F42D7A5B,93,4741,False,False,False,fcn_mix_weight/dc_224/3727.jpg,00093-4741-01_F42D7A5B
3729.jpg,00555-0860-02_D72F6BEB,555,860,False,True,False,fcn_mix_weight/dc_224/3729.jpg,00555-0860-02_D72F6BEB
3730.jpg,50111-0852-01_7B303DB1,50111,852,False,True,False,fcn_mix_weight/dc_224/3730.jpg,50111-0852-01_7B303DB1
3736.jpg,00555-0887-02_A02F505A,555,887,False,False,False,fcn_mix_weight/dc_224/3736.jpg,00555-0887-02_A02F505A
3737.jpg,00093-0148-01_4629A34D,93,148,False,True,False,fcn_mix_weight/dc_224/3737.jpg,00093-0148-01_4629A34D
374.jpg,00172-3649-60_A126D0D6,172,3649,False,True,False,fcn_mix_weight/dc_224/374.jpg,00172-3649-60_A126D0D6
3742.jpg,00093-7386-56_092F84AC,93,7386,False,True,False,fcn_mix_weight/dc_224/3742.jpg,00093-7386-56_092F84AC
376.jpg,00555-0513-02_D92B6CFB,555,513,False,True,False,fcn_mix_weight/dc_224/376.jpg,00555-0513-02_D92B6CFB
3769.jpg,00093-0135-01_39281CE0,93,135,False,True,False,fcn_mix_weight/dc_224/3769.jpg,00093-0135-01_39281CE0
3771.jpg,00093-0149-01_BA23DD0E,93,149,False,True,False,fcn_mix_weight/dc_224/3771.jpg,00093-0149-01_BA23DD0E
3774.jpg,00228-2717-11_56232B19,228,2717,False,False,False,fcn_mix_weight/dc_224/3774.jpg,00228-2717-11_56232B19
3776.jpg,00093-0734-01_6C2B3609,93,734,False,False,False,fcn_mix_weight/dc_224/3776.jpg,00093-0734-01_6C2B3609
3778.jpg,00093-5125-01_342D9A0C,93,5125,False,False,False,fcn_mix_weight/dc_224/3778.jpg,00093-5125-01_342D9A0C
3785.jpg,00093-0983-01_7A29BD5D,93,983,False,True,False,fcn_mix_weight/dc_224/3785.jpg,00093-0983-01_7A29BD5D
3786.jpg,00172-4280-60_8F21C7EE,172,4280,False,True,False,fcn_mix_weight/dc_224/3786.jpg,00172-4280-60_8F21C7EE
3788.jpg,58468-0130-01_D71C6B93,58468,130,False,True,False,fcn_mix_weight/dc_224/3788.jpg,58468-0130-01_D71C6B93
379.jpg,60505-5307-01_4D26A6D5,60505,5307,False,False,False,fcn_mix_weight/dc_224/379.jpg,60505-5307-01_4D26A6D5
3798.jpg,51285-0523-02_2F3017D0,51285,523,False,True,False,fcn_mix_weight/dc_224/3798.jpg,51285-0523-02_2F3017D0
381.jpg,00006-0277-54_16160B30,6,277,False,True,False,fcn_mix_weight/dc_224/381.jpg,00006-0277-54_16160B30
3816.jpg,16714-0663-01_3F159FCC,16714,663,False,False,False,fcn_mix_weight/dc_224/3816.jpg,16714-0663-01_3F159FCC
382.jpg,64720-0323-10_F51DFA9F,64720,323,False,True,False,fcn_mix_weight/dc_224/382.jpg,64720-0323-10_F51DFA9F
3827.jpg,00093-7236-56_422B2109,93,7236,False,False,False,fcn_mix_weight/dc_224/3827.jpg,00093-7236-56_422B2109
3828.jpg,00093-3109-53_C819644B,93,3109,False,True,False,fcn_mix_weight/dc_224/3828.jpg,00093-3109-53_C819644B
3830.jpg,00093-0149-01_BA23DD0E,93,149,False,False,False,fcn_mix_weight/dc_224/3830.jpg,00093-0149-01_BA23DD0E
3831.jpg,00093-0039-01_4F29A7CD,93,39,False,True,False,fcn_mix_weight/dc_224/3831.jpg,00093-0039-01_4F29A7CD
3837.jpg,68453-0375-10_14200A30,68453,375,False,True,False,fcn_mix_weight/dc_224/3837.jpg,68453-0375-10_14200A30
3839.jpg,00093-1087-01_9E29CF5E,93,1087,False,False,False,fcn_mix_weight/dc_224/3839.jpg,00093-1087-01_9E29CF5E
3855.jpg,00603-5165-32_2F1B97BC,603,5165,False,True,False,fcn_mix_weight/dc_224/3855.jpg,00603-5165-32_2F1B97BC
3865.jpg,00173-0565-04_461DA30D,173,565,False,True,False,fcn_mix_weight/dc_224/3865.jpg,00173-0565-04_461DA30D
3873.jpg,51285-0691-02_5F2F2F89,51285,691,False,True,False,fcn_mix_weight/dc_224/3873.jpg,51285-0691-02_5F2F2F89
3880.jpg,00093-7493-06_DB2FEDDF,93,7493,False,False,False,fcn_mix_weight/dc_224/3880.jpg,00093-7493-06_DB2FEDDF
3888.jpg,00093-1006-01_D729EBDF,93,1006,False,True,False,fcn_mix_weight/dc_224/3888.jpg,00093-1006-01_D729EBDF
389.jpg,00143-1425-01_B12658A2,143,1425,False,True,False,fcn_mix_weight/dc_224/389.jpg,00143-1425-01_B12658A2
3896.jpg,00093-5049-06_A22D511A,93,5049,False,True,False,fcn_mix_weight/dc_224/3896.jpg,00093-5049-06_A22D511A
3901.jpg,65580-0304-03_011280A4,65580,304,False,True,False,fcn_mix_weight/dc_224/3901.jpg,65580-0304-03_011280A4
3906.jpg,00093-5710-01_3F2B9FCC,93,5710,False,False,False,fcn_mix_weight/dc_224/3906.jpg,00093-5710-01_3F2B9FCC
3909.jpg,59762-2004-01_E61DF31F,59762,2004,False,True,False,fcn_mix_weight/dc_224/3909.jpg,59762-2004-01_E61DF31F
3919.jpg,00093-7443-56_052702B8,93,7443,False,True,False,fcn_mix_weight/dc_224/3919.jpg,00093-7443-56_052702B8
3925.jpg,00093-5501-01_CF2D679B,93,5501,False,True,False,fcn_mix_weight/dc_224/3925.jpg,00093-5501-01_CF2D679B
3927.jpg,00093-7146-18_5D242E91,93,7146,False,False,False,fcn_mix_weight/dc_224/3927.jpg,00093-7146-18_5D242E91
3928.jpg,00093-7270-98_9027C85E,93,7270,False,False,False,fcn_mix_weight/dc_224/3928.jpg,00093-7270-98_9027C85E
3936.jpg,00185-0149-01_7608BB65,185,149,False,False,False,fcn_mix_weight/dc_224/3936.jpg,00185-0149-01_7608BB65
3948.jpg,00555-0832-02_94214A4A,555,832,False,False,False,fcn_mix_weight/dc_224/3948.jpg,00555-0832-02_94214A4A
3964.jpg,00456-0457-01_D51D6AFB,456,457,False,True,False,fcn_mix_weight/dc_224/3964.jpg,00456-0457-01_D51D6AFB
3968.jpg,68462-0358-05_A71C53C2,68462,358,False,False,False,fcn_mix_weight/dc_224/3968.jpg,68462-0358-05_A71C53C2
397.jpg,00378-6232-01_70213849,378,6232,False,True,False,fcn_mix_weight/dc_224/397.jpg,00378-6232-01_70213849
3971.jpg,00075-7700-60_E51C72E3,75,7700,False,False,False,fcn_mix_weight/dc_224/3971.jpg,00075-7700-60_E51C72E3
3972.jpg,00009-7663-04_FD12FEA7,9,7663,False,False,False,fcn_mix_weight/dc_224/3972.jpg,00009-7663-04_FD12FEA7
3979.jpg,00143-1257-01_FD22FEA7,143,1257,False,False,False,fcn_mix_weight/dc_224/3979.jpg,00143-1257-01_FD22FEA7
398.jpg,00093-5256-68_15268A84,93,5256,False,True,False,fcn_mix_weight/dc_224/398.jpg,00093-5256-68_15268A84
3990.jpg,00093-5061-01_7C2D3E29,93,5061,False,True,False,fcn_mix_weight/dc_224/3990.jpg,00093-5061-01_7C2D3E29
3991.jpg,58468-0130-01_D71C6B93,58468,130,False,False,False,fcn_mix_weight/dc_224/3991.jpg,58468-0130-01_D71C6B93
3993.jpg,00093-4405-01_072D838C,93,4405,False,False,False,fcn_mix_weight/dc_224/3993.jpg,00093-4405-01_072D838C
4012.jpg,00143-1268-01_7321B9DD,143,1268,False,True,False,fcn_mix_weight/dc_224/4012.jpg,00143-1268-01_7321B9DD
4018.jpg,64679-0936-03_7E05BF4D,64679,936,False,True,False,fcn_mix_weight/dc_224/4018.jpg,64679-0936-03_7E05BF4D
402.jpg,47335-0894-81_7F1DBFBD,47335,894,False,True,False,fcn_mix_weight/dc_224/402.jpg,47335-0894-81_7F1DBFBD
4036.jpg,00093-0135-01_39281CE0,93,135,False,False,False,fcn_mix_weight/dc_224/4036.jpg,00093-0135-01_39281CE0
4038.jpg,00173-0556-02_251912B8,173,556,False,True,False,fcn_mix_weight/dc_224/4038.jpg,00173-0556-02_251912B8
4040.jpg,00093-7256-01_EA267553,93,7256,False,True,False,fcn_mix_weight/dc_224/4040.jpg,00093-7256-01_EA267553
4043.jpg,00093-0782-56_392B1C88,93,782,False,True,False,fcn_mix_weight/dc_224/4043.jpg,00093-0782-56_392B1C88
4044.jpg,00093-5710-01_3F2B9FCC,93,5710,False,True,False,fcn_mix_weight/dc_224/4044.jpg,00093-5710-01_3F2B9FCC
4045.jpg,00591-0406-01_5C21AE6D,591,406,False,False,False,fcn_mix_weight/dc_224/4045.jpg,00591-0406-01_5C21AE6D
4047.jpg,00591-2473-19_F11D78AB,591,2473,False,False,False,fcn_mix_weight/dc_224/4047.jpg,00591-2473-19_F11D78AB
4052.jpg,51285-0691-02_5F2F2F89,51285,691,False,True,False,fcn_mix_weight/dc_224/4052.jpg,51285-0691-02_5F2F2F89
4072.jpg,64720-0323-10_F51DFA9F,64720,323,False,False,False,fcn_mix_weight/dc_224/4072.jpg,64720-0323-10_F51DFA9F
4075.jpg,00093-0810-01_24231228,93,810,False,False,False,fcn_mix_weight/dc_224/4075.jpg,00093-0810-01_24231228
4076.jpg,00172-5728-60_5821AC5D,172,5728,False,True,False,fcn_mix_weight/dc_224/4076.jpg,00172-5728-60_5821AC5D
408.jpg,00093-1044-01_B229D97E,93,1044,False,True,False,fcn_mix_weight/dc_224/408.jpg,00093-1044-01_B229D97E
4082.jpg,64679-0936-03_7E05BF4D,64679,936,False,False,False,fcn_mix_weight/dc_224/4082.jpg,64679-0936-03_7E05BF4D
4086.jpg,00093-5289-56_9927CCDE,93,5289,False,False,False,fcn_mix_weight/dc_224/4086.jpg,00093-5289-56_9927CCDE
409.jpg,00093-4741-01_F42D7A5B,93,4741,False,False,False,fcn_mix_weight/dc_224/409.jpg,00093-4741-01_F42D7A5B
4090.jpg,00172-5728-60_5821AC5D,172,5728,False,True,False,fcn_mix_weight/dc_224/4090.jpg,00172-5728-60_5821AC5D
4093.jpg,00093-5289-56_9927CCDE,93,5289,False,True,False,fcn_mix_weight/dc_224/4093.jpg,00093-5289-56_9927CCDE
41.jpg,00093-1044-01_B229D97E,93,1044,False,True,False,fcn_mix_weight/dc_224/41.jpg,00093-1044-01_B229D97E
4104.jpg,00074-3020-11_E01D703B,74,3020,False,True,False,fcn_mix_weight/dc_224/4104.jpg,00074-3020-11_E01D703B
4108.jpg,00378-5124-01_3C219E7C,378,5124,False,True,False,fcn_mix_weight/dc_224/4108.jpg,00378-5124-01_3C219E7C
4125.jpg,00093-0012-98_4D29A6AD,93,12,False,True,False,fcn_mix_weight/dc_224/4125.jpg,00093-0012-98_4D29A6AD
4131.jpg,00093-4443-01_9E2D4F0A,93,4443,False,False,False,fcn_mix_weight/dc_224/4131.jpg,00093-4443-01_9E2D4F0A
414.jpg,00093-2047-56_EA29752B,93,2047,False,False,False,fcn_mix_weight/dc_224/414.jpg,00093-2047-56_EA29752B
4153.jpg,00603-5438-21_B0265872,603,5438,False,False,False,fcn_mix_weight/dc_224/4153.jpg,00603-5438-21_B0265872
4157.jpg,00093-1087-01_9E29CF5E,93,1087,False,False,False,fcn_mix_weight/dc_224/4157.jpg,00093-1087-01_9E29CF5E
416.jpg,00093-7303-65_752F3A99,93,7303,False,True,False,fcn_mix_weight/dc_224/416.jpg,00093-7303-65_752F3A99
4162.jpg,00093-2075-01_C326E187,93,2075,False,True,False,fcn_mix_weight/dc_224/4162.jpg,00093-2075-01_C326E187
4166.jpg,00093-0670-06_822B417A,93,670,False,False,False,fcn_mix_weight/dc_224/4166.jpg,00093-0670-06_822B417A
4173.jpg,00093-4443-01_9E2D4F0A,93,4443,False,False,False,fcn_mix_weight/dc_224/4173.jpg,00093-4443-01_9E2D4F0A
4181.jpg,00555-0513-02_D92B6CFB,555,513,False,True,False,fcn_mix_weight/dc_224/4181.jpg,00555-0513-02_D92B6CFB
4185.jpg,00093-0135-01_39281CE0,93,135,False,False,False,fcn_mix_weight/dc_224/4185.jpg,00093-0135-01_39281CE0
4187.jpg,00093-3109-53_C819644B,93,3109,False,True,False,fcn_mix_weight/dc_224/4187.jpg,00093-3109-53_C819644B
4206.jpg,00555-0831-02_C52F62EB,555,831,False,False,False,fcn_mix_weight/dc_224/4206.jpg,00555-0831-02_C52F62EB
421.jpg,00143-1425-01_B12658A2,143,1425,False,True,False,fcn_mix_weight/dc_224/421.jpg,00143-1425-01_B12658A2
4221.jpg,00093-7202-98_6323B1ED,93,7202,False,True,False,fcn_mix_weight/dc_224/4221.jpg,00093-7202-98_6323B1ED
4225.jpg,00093-5112-98_4E2D2719,93,5112,False,True,False,fcn_mix_weight/dc_224/4225.jpg,00093-5112-98_4E2D2719
4228.jpg,00056-0176-70_99134CAA,56,176,False,False,False,fcn_mix_weight/dc_224/4228.jpg,00056-0176-70_99134CAA
423.jpg,00555-0715-58_FB2F7DEB,555,715,False,False,False,fcn_mix_weight/dc_224/423.jpg,00555-0715-58_FB2F7DEB
4232.jpg,00245-0041-11_9623CB0E,245,41,False,True,False,fcn_mix_weight/dc_224/4232.jpg,00245-0041-11_9623CB0E
4235.jpg,68012-0104-30_EE1DF76F,68012,104,False,True,False,fcn_mix_weight/dc_224/4235.jpg,68012-0104-30_EE1DF76F
4239.jpg,00173-0562-00_A01C5002,173,562,False,False,False,fcn_mix_weight/dc_224/4239.jpg,00173-0562-00_A01C5002
4246.jpg,00093-7303-65_752F3A99,93,7303,False,False,False,fcn_mix_weight/dc_224/4246.jpg,00093-7303-65_752F3A99
4250.jpg,00555-0066-02_C82B642B,555,66,False,False,False,fcn_mix_weight/dc_224/4250.jpg,00555-0066-02_C82B642B
4254.jpg,63304-0553-05_D015681B,63304,553,False,True,False,fcn_mix_weight/dc_224/4254.jpg,63304-0553-05_D015681B
4256.jpg,00172-4366-60_7F26BFF5,172,4366,False,False,False,fcn_mix_weight/dc_224/4256.jpg,00172-4366-60_7F26BFF5
4257.jpg,00093-4069-01_E126F0B7,93,4069,False,False,False,fcn_mix_weight/dc_224/4257.jpg,00093-4069-01_E126F0B7
4264.jpg,00071-0419-24_361C9B04,71,419,False,True,False,fcn_mix_weight/dc_224/4264.jpg,00071-0419-24_361C9B04
4274.jpg,00555-9016-58_4D2FA69D,555,9016,False,True,False,fcn_mix_weight/dc_224/4274.jpg,00555-9016-58_4D2FA69D
428.jpg,00093-0026-01_5D29AEBD,93,26,False,False,False,fcn_mix_weight/dc_224/428.jpg,00093-0026-01_5D29AEBD
4283.jpg,50111-0471-01_18300C00,50111,471,False,True,False,fcn_mix_weight/dc_224/4283.jpg,50111-0471-01_18300C00
4287.jpg,00172-3760-60_C22D610B,172,3760,False,True,False,fcn_mix_weight/dc_224/4287.jpg,00172-3760-60_C22D610B
4288.jpg,00093-0026-01_5D29AEBD,93,26,False,True,False,fcn_mix_weight/dc_224/4288.jpg,00093-0026-01_5D29AEBD
43.jpg,00093-7270-98_9027C85E,93,7270,False,True,False,fcn_mix_weight/dc_224/43.jpg,00093-7270-98_9027C85E
4305.jpg,00093-8035-01_DC266E63,93,8035,False,False,False,fcn_mix_weight/dc_224/4305.jpg,00093-8035-01_DC266E63
4307.jpg,00093-1118-01_D32969BB,93,1118,False,True,False,fcn_mix_weight/dc_224/4307.jpg,00093-1118-01_D32969BB
431.jpg,51285-0080-70_442FA21D,51285,80,False,False,False,fcn_mix_weight/dc_224/431.jpg,51285-0080-70_442FA21D
4312.jpg,16714-0663-01_3F159FCC,16714,663,False,False,False,fcn_mix_weight/dc_224/4312.jpg,16714-0663-01_3F159FCC
4329.jpg,50111-0307-01_8429422A,50111,307,False,True,False,fcn_mix_weight/dc_224/4329.jpg,50111-0307-01_8429422A
4335.jpg,00591-2473-19_F11D78AB,591,2473,False,True,False,fcn_mix_weight/dc_224/4335.jpg,00591-2473-19_F11D78AB
4343.jpg,63304-0553-05_D015681B,63304,553,False,False,False,fcn_mix_weight/dc_224/4343.jpg,63304-0553-05_D015681B
4346.jpg,00093-1044-01_B229D97E,93,1044,False,False,False,fcn_mix_weight/dc_224/4346.jpg,00093-1044-01_B229D97E
4388.jpg,00555-9009-42_E52F72DB,555,9009,False,True,False,fcn_mix_weight/dc_224/4388.jpg,00555-9009-42_E52F72DB
4412.jpg,51285-0697-02_8E2F475A,51285,697,False,True,False,fcn_mix_weight/dc_224/4412.jpg,51285-0697-02_8E2F475A
4414.jpg,00093-7314-56_18280C00,93,7314,False,False,False,fcn_mix_weight/dc_224/4414.jpg,00093-7314-56_18280C00
4423.jpg,65580-0304-03_011280A4,65580,304,False,True,False,fcn_mix_weight/dc_224/4423.jpg,65580-0304-03_011280A4
4424.jpg,00093-5112-98_4E2D2719,93,5112,False,True,False,fcn_mix_weight/dc_224/4424.jpg,00093-5112-98_4E2D2719
4433.jpg,51285-0539-02_D13068D3,51285,539,False,False,False,fcn_mix_weight/dc_224/4433.jpg,51285-0539-02_D13068D3
4442.jpg,00555-0590-01_0E2F871C,555,590,False,False,False,fcn_mix_weight/dc_224/4442.jpg,00555-0590-01_0E2F871C
4453.jpg,68012-0104-30_EE1DF76F,68012,104,False,True,False,fcn_mix_weight/dc_224/4453.jpg,68012-0104-30_EE1DF76F
4468.jpg,00186-1090-05_0D1D86EC,186,1090,False,False,False,fcn_mix_weight/dc_224/4468.jpg,00186-1090-05_0D1D86EC
4469.jpg,00093-3109-53_C819644B,93,3109,False,True,False,fcn_mix_weight/dc_224/4469.jpg,00093-3109-53_C819644B
4475.jpg,00093-1006-01_D729EBDF,93,1006,False,True,False,fcn_mix_weight/dc_224/4475.jpg,00093-1006-01_D729EBDF
4482.jpg,00093-1049-98_CE29E75F,93,1049,False,False,False,fcn_mix_weight/dc_224/4482.jpg,00093-1049-98_CE29E75F
4504.jpg,00093-1049-98_CE29E75F,93,1049,False,True,False,fcn_mix_weight/dc_224/4504.jpg,00093-1049-98_CE29E75F
451.jpg,00074-5182-19_AF1D57AA,74,5182,False,False,False,fcn_mix_weight/dc_224/451.jpg,00074-5182-19_AF1D57AA
4510.jpg,00093-0321-01_902B486A,93,321,False,True,False,fcn_mix_weight/dc_224/4510.jpg,00093-0321-01_902B486A
4514.jpg,51285-0080-70_402FA00D,51285,80,False,True,False,fcn_mix_weight/dc_224/4514.jpg,51285-0080-70_402FA00D
4515.jpg,00228-2717-11_56232B19,228,2717,False,True,False,fcn_mix_weight/dc_224/4515.jpg,00228-2717-11_56232B19
452.jpg,51285-0080-70_442FA21D,51285,80,False,False,False,fcn_mix_weight/dc_224/452.jpg,51285-0080-70_442FA21D
4539.jpg,00093-5710-01_3F2B9FCC,93,5710,False,True,False,fcn_mix_weight/dc_224/4539.jpg,00093-5710-01_3F2B9FCC
4544.jpg,50111-0397-01_F72FFBEF,50111,397,False,False,False,fcn_mix_weight/dc_224/4544.jpg,50111-0397-01_F72FFBEF
4550.jpg,00071-0419-24_361C9B04,71,419,False,False,False,fcn_mix_weight/dc_224/4550.jpg,00071-0419-24_361C9B04
4554.jpg,00172-7311-46_922BC96E,172,7311,False,True,False,fcn_mix_weight/dc_224/4554.jpg,00172-7311-46_922BC96E
456.jpg,00378-3475-01_6F243791,378,3475,False,True,False,fcn_mix_weight/dc_224/456.jpg,00378-3475-01_6F243791
4572.jpg,00071-0419-24_361C9B04,71,419,False,True,False,fcn_mix_weight/dc_224/4572.jpg,00071-0419-24_361C9B04
4574.jpg,00093-2047-56_EA29752B,93,2047,False,False,False,fcn_mix_weight/dc_224/4574.jpg,00093-2047-56_EA29752B
4583.jpg,00172-7311-46_922BC96E,172,7311,False,True,False,fcn_mix_weight/dc_224/4583.jpg,00172-7311-46_922BC96E
4587.jpg,62037-0793-60_832041B2,62037,793,False,True,False,fcn_mix_weight/dc_224/4587.jpg,62037-0793-60_832041B2
4590.jpg,55111-0180-15_D31D69AB,55111,180,False,False,False,fcn_mix_weight/dc_224/4590.jpg,55111-0180-15_D31D69AB
4594.jpg,68012-0104-30_EE1DF76F,68012,104,False,False,False,fcn_mix_weight/dc_224/4594.jpg,68012-0104-30_EE1DF76F
4598.jpg,00093-0148-01_4629A34D,93,148,False,True,False,fcn_mix_weight/dc_224/4598.jpg,00093-0148-01_4629A34D
460.jpg,00093-7443-56_052702B8,93,7443,False,True,False,fcn_mix_weight/dc_224/460.jpg,00093-7443-56_052702B8
4602.jpg,00555-0071-01_BF2B5FAA,555,71,False,False,False,fcn_mix_weight/dc_224/4602.jpg,00555-0071-01_BF2B5FAA
4616.jpg,62037-0793-60_832041B2,62037,793,False,True,False,fcn_mix_weight/dc_224/4616.jpg,62037-0793-60_832041B2
4619.jpg,00093-7303-65_752F3A99,93,7303,False,True,False,fcn_mix_weight/dc_224/4619.jpg,00093-7303-65_752F3A99
4636.jpg,00093-7224-98_B5305AF2,93,7224,False,True,False,fcn_mix_weight/dc_224/4636.jpg,00093-7224-98_B5305AF2
464.jpg,00172-5728-60_5821AC5D,172,5728,False,False,False,fcn_mix_weight/dc_224/464.jpg,00172-5728-60_5821AC5D
4646.jpg,00093-3147-01_C51962CB,93,3147,False,True,False,fcn_mix_weight/dc_224/4646.jpg,00093-3147-01_C51962CB
4650.jpg,51285-0523-02_2F3017D0,51285,523,False,False,False,fcn_mix_weight/dc_224/4650.jpg,51285-0523-02_2F3017D0
4654.jpg,00093-0149-01_BA23DD0E,93,149,False,False,False,fcn_mix_weight/dc_224/4654.jpg,00093-0149-01_BA23DD0E
4660.jpg,00555-0925-02_46212319,555,925,False,True,False,fcn_mix_weight/dc_224/4660.jpg,00555-0925-02_46212319
4664.jpg,00555-0071-01_BF2B5FAA,555,71,False,True,False,fcn_mix_weight/dc_224/4664.jpg,00555-0071-01_BF2B5FAA
4678.jpg,00093-0782-56_392B1C88,93,782,False,True,False,fcn_mix_weight/dc_224/4678.jpg,00093-0782-56_392B1C88
4679.jpg,00093-5501-01_CF2D679B,93,5501,False,False,False,fcn_mix_weight/dc_224/4679.jpg,00093-5501-01_CF2D679B
4681.jpg,00093-2075-01_C326E187,93,2075,False,True,False,fcn_mix_weight/dc_224/4681.jpg,00093-2075-01_C326E187
4693.jpg,00555-0715-58_FB2F7DEB,555,715,False,True,False,fcn_mix_weight/dc_224/4693.jpg,00555-0715-58_FB2F7DEB
4697.jpg,59762-2004-01_E61DF31F,59762,2004,False,False,False,fcn_mix_weight/dc_224/4697.jpg,59762-2004-01_E61DF31F
470.jpg,00093-8035-01_DC266E63,93,8035,False,False,False,fcn_mix_weight/dc_224/470.jpg,00093-8035-01_DC266E63
4704.jpg,00555-0483-02_002B804C,555,483,False,False,False,fcn_mix_weight/dc_224/4704.jpg,00555-0483-02_002B804C
4715.jpg,00172-4280-60_8F21C7EE,172,4280,False,False,False,fcn_mix_weight/dc_224/4715.jpg,00172-4280-60_8F21C7EE
4723.jpg,54092-0517-02_D715EBBF,54092,517,False,True,False,fcn_mix_weight/dc_224/4723.jpg,54092-0517-02_D715EBBF
4739.jpg,00093-7214-98_C929E4EF,93,7214,False,False,False,fcn_mix_weight/dc_224/4739.jpg,00093-7214-98_C929E4EF
4753.jpg,68453-0375-10_14200A30,68453,375,False,False,False,fcn_mix_weight/dc_224/4753.jpg,68453-0375-10_14200A30
4756.jpg,00173-0178-55_AF18D7A6,173,178,False,False,False,fcn_mix_weight/dc_224/4756.jpg,00173-0178-55_AF18D7A6
4761.jpg,00093-7224-98_B5305AF2,93,7224,False,True,False,fcn_mix_weight/dc_224/4761.jpg,00093-7224-98_B5305AF2
4764.jpg,52544-0913-01_AB1B558A,52544,913,False,False,False,fcn_mix_weight/dc_224/4764.jpg,52544-0913-01_AB1B558A
4766.jpg,68453-0375-10_14200A30,68453,375,False,True,False,fcn_mix_weight/dc_224/4766.jpg,68453-0375-10_14200A30
4767.jpg,00093-4443-01_9E2D4F0A,93,4443,False,False,False,fcn_mix_weight/dc_224/4767.jpg,00093-4443-01_9E2D4F0A
4777.jpg,00555-9016-58_4D2FA69D,555,9016,False,False,False,fcn_mix_weight/dc_224/4777.jpg,00555-9016-58_4D2FA69D
4784.jpg,00555-0869-02_B32F59EA,555,869,False,False,False,fcn_mix_weight/dc_224/4784.jpg,00555-0869-02_B32F59EA
4785.jpg,00093-0670-06_822B417A,93,670,False,True,False,fcn_mix_weight/dc_224/4785.jpg,00093-0670-06_822B417A
4788.jpg,00093-7180-01_482BA47D,93,7180,False,True,False,fcn_mix_weight/dc_224/4788.jpg,00093-7180-01_482BA47D
4793.jpg,00093-0321-01_902B486A,93,321,False,True,False,fcn_mix_weight/dc_224/4793.jpg,00093-0321-01_902B486A
48.jpg,00378-1809-01_5623AB5D,378,1809,False,True,False,fcn_mix_weight/dc_224/48.jpg,00378-1809-01_5623AB5D
4813.jpg,00093-3147-01_C51962CB,93,3147,False,False,False,fcn_mix_weight/dc_224/4813.jpg,00093-3147-01_C51962CB
4824.jpg,00555-9009-42_E52F72DB,555,9009,False,True,False,fcn_mix_weight/dc_224/4824.jpg,00555-9009-42_E52F72DB
483.jpg,00173-0565-04_461DA30D,173,565,False,False,False,fcn_mix_weight/dc_224/483.jpg,00173-0565-04_461DA30D
4832.jpg,00378-5124-01_3C219E7C,378,5124,False,False,False,fcn_mix_weight/dc_224/4832.jpg,00378-5124-01_3C219E7C
4844.jpg,51285-0595-02_EE2FF76F,51285,595,False,True,False,fcn_mix_weight/dc_224/4844.jpg,51285-0595-02_EE2FF76F
4845.jpg,00245-0041-11_9623CB0E,245,41,False,False,False,fcn_mix_weight/dc_224/4845.jpg,00245-0041-11_9623CB0E
4848.jpg,00832-1080-00_C0266053,832,1080,False,True,False,fcn_mix_weight/dc_224/4848.jpg,00832-1080-00_C0266053
4850.jpg,00093-7154-56_2C281650,93,7154,False,True,False,fcn_mix_weight/dc_224/4850.jpg,00093-7154-56_2C281650
4861.jpg,00093-3010-84_F72CFBF7,93,3010,False,True,False,fcn_mix_weight/dc_224/4861.jpg,00093-3010-84_F72CFBF7
4863.jpg,00093-7270-98_9027C85E,93,7270,False,False,False,fcn_mix_weight/dc_224/4863.jpg,00093-7270-98_9027C85E
487.jpg,59762-2004-01_E61DF31F,59762,2004,False,True,False,fcn_mix_weight/dc_224/487.jpg,59762-2004-01_E61DF31F
4884.jpg,00555-0831-02_C52F62EB,555,831,False,False,False,fcn_mix_weight/dc_224/4884.jpg,00555-0831-02_C52F62EB
489.jpg,00093-7355-56_D42D6A0B,93,7355,False,False,False,fcn_mix_weight/dc_224/489.jpg,00093-7355-56_D42D6A0B
4892.jpg,68462-0358-05_A71C53C2,68462,358,False,False,False,fcn_mix_weight/dc_224/4892.jpg,68462-0358-05_A71C53C2
4897.jpg,53489-0105-01_3D269EF4,53489,105,False,True,False,fcn_mix_weight/dc_224/4897.jpg,53489-0105-01_3D269EF4
4906.jpg,00603-5438-21_B0265872,603,5438,False,False,False,fcn_mix_weight/dc_224/4906.jpg,00603-5438-21_B0265872
4907.jpg,00172-3650-70_7626BB45,172,3650,False,False,False,fcn_mix_weight/dc_224/4907.jpg,00172-3650-70_7626BB45
4908.jpg,00093-7386-56_092F84AC,93,7386,False,False,False,fcn_mix_weight/dc_224/4908.jpg,00093-7386-56_092F84AC
4914.jpg,00555-0572-35_1B2B8DCC,555,572,False,True,False,fcn_mix_weight/dc_224/4914.jpg,00555-0572-35_1B2B8DCC
4918.jpg,55111-0196-90_701DB86D,55111,196,False,True,False,fcn_mix_weight/dc_224/4918.jpg,55111-0196-90_701DB86D
4927.jpg,00093-7146-18_5D242E91,93,7146,False,False,False,fcn_mix_weight/dc_224/4927.jpg,00093-7146-18_5D242E91
4931.jpg,51672-4033-01_A72653F2,51672,4033,False,False,False,fcn_mix_weight/dc_224/4931.jpg,51672-4033-01_A72653F2
4937.jpg,00071-0419-24_361C9B04,71,419,False,True,False,fcn_mix_weight/dc_224/4937.jpg,00071-0419-24_361C9B04
495.jpg,00172-3760-60_C22D610B,172,3760,False,False,False,fcn_mix_weight/dc_224/495.jpg,00172-3760-60_C22D610B
4953.jpg,00555-0860-02_D72F6BEB,555,860,False,False,False,fcn_mix_weight/dc_224/4953.jpg,00555-0860-02_D72F6BEB
4955.jpg,51672-4033-01_A72653F2,51672,4033,False,True,False,fcn_mix_weight/dc_224/4955.jpg,51672-4033-01_A72653F2
4962.jpg,00172-4280-60_8F21C7EE,172,4280,False,False,False,fcn_mix_weight/dc_224/4962.jpg,00172-4280-60_8F21C7EE
4966.jpg,00093-1006-01_D729EBDF,93,1006,False,False,False,fcn_mix_weight/dc_224/4966.jpg,00093-1006-01_D729EBDF
4979.jpg,00006-0277-54_16160B30,6,277,False,True,False,fcn_mix_weight/dc_224/4979.jpg,00006-0277-54_16160B30
4990.jpg,60505-5307-01_4D26A6D5,60505,5307,False,True,False,fcn_mix_weight/dc_224/4990.jpg,60505-5307-01_4D26A6D5
4992.jpg,00093-3165-01_19270CA8,93,3165,False,True,False,fcn_mix_weight/dc_224/4992.jpg,00093-3165-01_19270CA8
4995.jpg,00378-3475-01_6F243791,378,3475,False,True,False,fcn_mix_weight/dc_224/4995.jpg,00378-3475-01_6F243791
5.jpg,27437-0201-08_B51D5AAA,27437,201,False,True,False,fcn_mix_weight/dc_224/5.jpg,27437-0201-08_B51D5AAA
502.jpg,00093-4741-01_F42D7A5B,93,4741,False,True,False,fcn_mix_weight/dc_224/502.jpg,00093-4741-01_F42D7A5B
503.jpg,00093-2075-01_C326E187,93,2075,False,True,False,fcn_mix_weight/dc_224/503.jpg,00093-2075-01_C326E187
504.jpg,00093-3193-01_AD29569A,93,3193,False,True,False,fcn_mix_weight/dc_224/504.jpg,00093-3193-01_AD29569A
516.jpg,00591-5335-01_501DA84D,591,5335,False,False,False,fcn_mix_weight/dc_224/516.jpg,00591-5335-01_501DA84D
524.jpg,51285-0697-02_8E2F475A,51285,697,False,False,False,fcn_mix_weight/dc_224/524.jpg,51285-0697-02_8E2F475A
57.jpg,00074-5182-19_AF1D57AA,74,5182,False,False,False,fcn_mix_weight/dc_224/57.jpg,00074-5182-19_AF1D57AA
571.jpg,53489-0105-01_3D269EF4,53489,105,False,True,False,fcn_mix_weight/dc_224/571.jpg,53489-0105-01_3D269EF4
59.jpg,00378-3855-77_FB1C7D93,378,3855,False,True,False,fcn_mix_weight/dc_224/59.jpg,00378-3855-77_FB1C7D93
591.jpg,00093-5061-01_7C2D3E29,93,5061,False,False,False,fcn_mix_weight/dc_224/591.jpg,00093-5061-01_7C2D3E29
6.jpg,00603-3079-21_F4267A63,603,3079,False,True,False,fcn_mix_weight/dc_224/6.jpg,00603-3079-21_F4267A63
60.jpg,51285-0692-02_8A2F454A,51285,692,False,True,False,fcn_mix_weight/dc_224/60.jpg,51285-0692-02_8A2F454A
603.jpg,00093-7202-98_6323B1ED,93,7202,False,False,False,fcn_mix_weight/dc_224/603.jpg,00093-7202-98_6323B1ED
608.jpg,00555-0066-02_C82B642B,555,66,False,False,False,fcn_mix_weight/dc_224/608.jpg,00555-0066-02_C82B642B
609.jpg,00456-1550-60_0D1C8694,456,1550,False,False,False,fcn_mix_weight/dc_224/609.jpg,00456-1550-60_0D1C8694
630.jpg,00002-3229-30_3E1E1F50,2,3229,False,False,False,fcn_mix_weight/dc_224/630.jpg,00002-3229-30_3E1E1F50
640.jpg,00093-5125-01_342D9A0C,93,5125,False,False,False,fcn_mix_weight/dc_224/640.jpg,00093-5125-01_342D9A0C
648.jpg,00093-7485-20_C73063F3,93,7485,False,True,False,fcn_mix_weight/dc_224/648.jpg,00093-7485-20_C73063F3
653.jpg,55111-0196-90_701DB86D,55111,196,False,True,False,fcn_mix_weight/dc_224/653.jpg,55111-0196-90_701DB86D
659.jpg,00093-7326-01_812D40CA,93,7326,False,True,False,fcn_mix_weight/dc_224/659.jpg,00093-7326-01_812D40CA
671.jpg,00093-7146-18_5D242E91,93,7146,False,False,False,fcn_mix_weight/dc_224/671.jpg,00093-7146-18_5D242E91
687.jpg,51285-0080-70_402FA00D,51285,80,False,True,False,fcn_mix_weight/dc_224/687.jpg,51285-0080-70_402FA00D
688.jpg,00093-0782-56_392B1C88,93,782,False,False,False,fcn_mix_weight/dc_224/688.jpg,00093-0782-56_392B1C88
698.jpg,00093-7157-06_4D2BA68D,93,7157,False,True,False,fcn_mix_weight/dc_224/698.jpg,00093-7157-06_4D2BA68D
70.jpg,00378-3475-01_6F243791,378,3475,False,True,False,fcn_mix_weight/dc_224/70.jpg,00378-3475-01_6F243791
71.jpg,53489-0105-01_3D269EF4,53489,105,False,True,False,fcn_mix_weight/dc_224/71.jpg,53489-0105-01_3D269EF4
713.jpg,00093-4336-01_CA2DE50F,93,4336,False,False,False,fcn_mix_weight/dc_224/713.jpg,00093-4336-01_CA2DE50F
720.jpg,00172-7311-46_922BC96E,172,7311,False,True,False,fcn_mix_weight/dc_224/720.jpg,00172-7311-46_922BC96E
723.jpg,00093-5289-56_9927CCDE,93,5289,False,True,False,fcn_mix_weight/dc_224/723.jpg,00093-5289-56_9927CCDE
733.jpg,00378-0501-01_CA21657B,378,501,False,False,False,fcn_mix_weight/dc_224/733.jpg,00378-0501-01_CA21657B
734.jpg,51285-0539-02_D13068D3,51285,539,False,True,False,fcn_mix_weight/dc_224/734.jpg,51285-0539-02_D13068D3
744.jpg,00093-7224-98_B5305AF2,93,7224,False,False,False,fcn_mix_weight/dc_224/744.jpg,00093-7224-98_B5305AF2
748.jpg,00143-1425-01_B12658A2,143,1425,False,True,False,fcn_mix_weight/dc_224/748.jpg,00143-1425-01_B12658A2
751.jpg,55111-0196-90_701DB86D,55111,196,False,False,False,fcn_mix_weight/dc_224/751.jpg,55111-0196-90_701DB86D
755.jpg,54092-0517-02_D715EBBF,54092,517,False,True,False,fcn_mix_weight/dc_224/755.jpg,54092-0517-02_D715EBBF
756.jpg,50111-0916-01_131D89EC,50111,916,False,False,False,fcn_mix_weight/dc_224/756.jpg,50111-0916-01_131D89EC
761.jpg,00555-0513-02_D92B6CFB,555,513,False,True,False,fcn_mix_weight/dc_224/761.jpg,00555-0513-02_D92B6CFB
766.jpg,00172-7311-46_922BC96E,172,7311,False,False,False,fcn_mix_weight/dc_224/766.jpg,00172-7311-46_922BC96E
767.jpg,00378-2074-01_8B2145CA,378,2074,False,False,False,fcn_mix_weight/dc_224/767.jpg,00378-2074-01_8B2145CA
777.jpg,51285-0080-70_402FA00D,51285,80,False,False,False,fcn_mix_weight/dc_224/777.jpg,51285-0080-70_402FA00D
778.jpg,65580-0303-03_0A128554,65580,303,False,False,False,fcn_mix_weight/dc_224/778.jpg,65580-0303-03_0A128554
785.jpg,00555-0715-58_FB2F7DEB,555,715,False,False,False,fcn_mix_weight/dc_224/785.jpg,00555-0715-58_FB2F7DEB
79.jpg,00093-0221-06_9F294FDA,93,221,False,False,False,fcn_mix_weight/dc_224/79.jpg,00093-0221-06_9F294FDA
795.jpg,00456-1550-60_0D1C8694,456,1550,False,False,False,fcn_mix_weight/dc_224/795.jpg,00456-1550-60_0D1C8694
798.jpg,50111-0397-01_F72FFBEF,50111,397,False,True,False,fcn_mix_weight/dc_224/798.jpg,50111-0397-01_F72FFBEF
802.jpg,00378-1821-01_4D23A6AD,378,1821,False,False,False,fcn_mix_weight/dc_224/802.jpg,00378-1821-01_4D23A6AD
81.jpg,00093-7180-01_482BA47D,93,7180,False,False,False,fcn_mix_weight/dc_224/81.jpg,00093-7180-01_482BA47D
810.jpg,00378-0503-01_C923E4BF,378,503,False,True,False,fcn_mix_weight/dc_224/810.jpg,00378-0503-01_C923E4BF
811.jpg,64679-0936-03_7E05BF4D,64679,936,False,True,False,fcn_mix_weight/dc_224/811.jpg,64679-0936-03_7E05BF4D
812.jpg,00093-5105-56_102D880C,93,5105,False,False,False,fcn_mix_weight/dc_224/812.jpg,00093-5105-56_102D880C
818.jpg,00093-5105-56_102D880C,93,5105,False,False,False,fcn_mix_weight/dc_224/818.jpg,00093-5105-56_102D880C
833.jpg,00093-7180-01_482BA47D,93,7180,False,False,False,fcn_mix_weight/dc_224/833.jpg,00093-7180-01_482BA47D
838.jpg,00093-7236-56_422B2109,93,7236,False,False,False,fcn_mix_weight/dc_224/838.jpg,00093-7236-56_422B2109
843.jpg,00555-0715-58_FB2F7DEB,555,715,False,True,False,fcn_mix_weight/dc_224/843.jpg,00555-0715-58_FB2F7DEB
845.jpg,53746-0190-05_CD1D66AB,53746,190,False,False,False,fcn_mix_weight/dc_224/845.jpg,53746-0190-05_CD1D66AB
854.jpg,00172-7311-46_922BC96E,172,7311,False,False,False,fcn_mix_weight/dc_224/854.jpg,00172-7311-46_922BC96E
861.jpg,00006-0277-54_16160B30,6,277,False,False,False,fcn_mix_weight/dc_224/861.jpg,00006-0277-54_16160B30
862.jpg,00172-5032-60_002D0078,172,5032,False,True,False,fcn_mix_weight/dc_224/862.jpg,00172-5032-60_002D0078
870.jpg,00074-3020-11_E01D703B,74,3020,False,False,False,fcn_mix_weight/dc_224/870.jpg,00074-3020-11_E01D703B
875.jpg,00172-5032-60_002D0078,172,5032,False,True,False,fcn_mix_weight/dc_224/875.jpg,00172-5032-60_002D0078
881.jpg,00555-0071-01_BF2B5FAA,555,71,False,False,False,fcn_mix_weight/dc_224/881.jpg,00555-0071-01_BF2B5FAA
884.jpg,00185-0117-01_D520EAA7,185,117,False,False,False,fcn_mix_weight/dc_224/884.jpg,00185-0117-01_D520EAA7
892.jpg,62037-0793-60_832041B2,62037,793,False,True,False,fcn_mix_weight/dc_224/892.jpg,62037-0793-60_832041B2
898.jpg,00173-0565-04_461DA30D,173,565,False,True,False,fcn_mix_weight/dc_224/898.jpg,00173-0565-04_461DA30D
899.jpg,00093-3193-01_AD29569A,93,3193,False,True,False,fcn_mix_weight/dc_224/899.jpg,00093-3193-01_AD29569A
90.jpg,64980-0112-01_DC236E0B,64980,112,False,False,False,fcn_mix_weight/dc_224/90.jpg,64980-0112-01_DC236E0B
901.jpg,52544-0913-01_AB1B558A,52544,913,False,False,False,fcn_mix_weight/dc_224/901.jpg,52544-0913-01_AB1B558A
903.jpg,16252-0516-05_D61FEB7F,16252,516,False,True,False,fcn_mix_weight/dc_224/903.jpg,16252-0516-05_D61FEB7F
905.jpg,00093-3109-53_C819644B,93,3109,False,False,False,fcn_mix_weight/dc_224/905.jpg,00093-3109-53_C819644B
91.jpg,00093-5507-56_0C270618,93,5507,False,False,False,fcn_mix_weight/dc_224/91.jpg,00093-5507-56_0C270618
918.jpg,59762-2004-01_E61DF31F,59762,2004,False,True,False,fcn_mix_weight/dc_224/918.jpg,59762-2004-01_E61DF31F
923.jpg,00093-1087-01_9E29CF5E,93,1087,False,True,False,fcn_mix_weight/dc_224/923.jpg,00093-1087-01_9E29CF5E
925.jpg,00185-0149-01_7608BB65,185,149,False,False,False,fcn_mix_weight/dc_224/925.jpg,00185-0149-01_7608BB65
932.jpg,65580-0303-03_0A128554,65580,303,False,True,False,fcn_mix_weight/dc_224/932.jpg,65580-0303-03_0A128554
947.jpg,00002-3229-30_3E1E1F50,2,3229,False,False,False,fcn_mix_weight/dc_224/947.jpg,00002-3229-30_3E1E1F50
953.jpg,00093-2268-01_D5296ADB,93,2268,False,False,False,fcn_mix_weight/dc_224/953.jpg,00093-2268-01_D5296ADB
954.jpg,00093-7270-98_9027C85E,93,7270,False,True,False,fcn_mix_weight/dc_224/954.jpg,00093-7270-98_9027C85E
968.jpg,00172-5032-60_002D0078,172,5032,False,False,False,fcn_mix_weight/dc_224/968.jpg,00172-5032-60_002D0078
969.jpg,00172-3650-70_7626BB45,172,3650,False,False,False,fcn_mix_weight/dc_224/969.jpg,00172-3650-70_7626BB45
974.jpg,00378-1803-01_2A23950C,378,1803,False,True,False,fcn_mix_weight/dc_224/974.jpg,00378-1803-01_2A23950C
986.jpg,00378-1821-01_4D23A6AD,378,1821,False,True,False,fcn_mix_weight/dc_224/986.jpg,00378-1821-01_4D23A6AD
990.jpg,00093-7180-01_482BA47D,93,7180,False,False,False,fcn_mix_weight/dc_224/990.jpg,00093-7180-01_482BA47D
997.jpg,00456-0457-01_D51D6AFB,456,457,False,True,False,fcn_mix_weight/dc_224/997.jpg,00456-0457-01_D51D6AFB
